profile_type,profile_id,year,annual_load_kwh,original_measured_kwh,battery_kwh,eigenverbrauch_kwh,eigenverbrauchsquote_pct,autarkie_pct,netzbezug_kwh,einspeisung_kwh,battery_charge_kwh,battery_discharge_kwh,battery_losses_kwh,direct_self_consumption_kwh,technical_speichergrenze_kwh,pv_yield_kwh,energy_balance_error_kwh
BDEW,BDEW_H25,2019,5000,,0,2166.637,21.058,43.333,2833.363,8122.03,0,0,0,2166.637,10,10288.667,0
BDEW,BDEW_H25,2019,5000,,5,3639.731,35.376,72.795,1360.269,6471.283,1606.385,1511.849,94.536,2166.637,10,10288.667,-2.361797701855295e-10
BDEW,BDEW_H25,2019,5000,,6,3889.165,37.8,77.783,1110.835,6196.035,1881.633,1770.877,110.756,2166.637,10,10288.667,-2.8476776492425415e-10
BDEW,BDEW_H25,2019,5000,,7,4074.2,39.599,81.484,925.8,5990.66,2087.009,1963.417,122.859,2166.637,10,10288.667,-2.852020841714875e-10
BDEW,BDEW_H25,2019,5000,,8,4183.347,40.66,83.667,816.653,5868.862,2208.807,2077.02,130.055,2166.637,10,10288.667,-4.111166962417201e-10
BDEW,BDEW_H25,2019,5000,,9,4253.506,41.342,85.07,746.494,5791.011,2286.658,2149.713,134.689,2166.637,10,10288.667,-3.359237332745124e-10
BDEW,BDEW_H25,2019,5000,,10,4305.629,41.848,86.113,694.371,5733.622,2344.047,2203.647,138.144,2166.637,10,10288.667,-2.5857183061361866e-10
BDEW,BDEW_H25,2019,5000,,11,4342.345,42.205,86.847,657.655,5692.359,2385.31,2241.631,140.629,2166.637,10,10288.667,-6.028306742678069e-10
BDEW,BDEW_H25,2019,5000,,12,4376.252,42.535,87.525,623.748,5654.127,2423.541,2276.562,142.931,2166.637,10,10288.667,-3.4225688949618416e-10
BDEW,BDEW_H25,2019,5000,,13,4407.881,42.842,88.158,592.119,5618.49,2459.179,2309.074,145.081,2166.637,10,10288.667,-2.574012114564539e-10
BDEW,BDEW_H25,2019,5000,,14,4434.729,43.103,88.695,565.271,5588.625,2489.043,2336.732,146.911,2166.637,10,10288.667,-5.987983442423683e-10
BDEW,BDEW_H25,2019,5000,,15,4458.671,43.336,89.173,541.329,5562.259,2515.409,2361.464,148.545,2166.637,10,10288.667,-3.55941054408504e-10
BDEW,BDEW_H25,2019,5000,,16,4480.992,43.553,89.62,519.008,5537.461,2540.208,2384.562,150.082,2166.637,10,10288.667,-2.5060931108100704e-10
BDEW,BDEW_H25,2019,5000,,17,4500.356,43.741,90.007,499.644,5516.052,2561.616,2404.626,151.426,2166.637,10,10288.667,-6.027525145668733e-10
BDEW,BDEW_H25,2019,5000,,18,4515.78,43.891,90.316,484.22,5498.968,2578.701,2420.62,152.517,2166.637,10,10288.667,-3.491038569336524e-10
BDEW,BDEW_H25,2019,5000,,19,4530.011,44.029,90.6,469.989,5483.201,2594.467,2435.373,153.531,2166.637,10,10288.667,-2.467688275942237e-10
BDEW,BDEW_H25,2019,5000,,20,4542.854,44.154,90.857,457.146,5468.999,2608.67,2448.653,154.453,2166.637,10,10288.667,-5.785842915884132e-10
BDEW,BDEW_H25,2019,5000,,21,4553.426,44.257,91.069,446.574,5457.341,2620.327,2459.536,155.227,2166.637,10,10288.667,-3.5416025667700524e-10
BDEW,BDEW_H25,2019,5000,,22,4562.35,44.343,91.247,437.65,5447.459,2630.21,2468.748,155.898,2166.637,10,10288.667,-6.99865942976885e-10
BDEW,BDEW_H25,2019,5000,,23,4570.801,44.426,91.416,429.199,5438.101,2639.567,2477.465,156.538,2166.637,10,10288.667,-5.804450253776849e-10
BDEW,BDEW_H25,2019,5000,,24,4578.604,44.501,91.572,421.396,5429.449,2648.22,2485.52,157.136,2166.637,10,10288.667,-3.340359100434398e-10
BDEW,BDEW_H25,2019,5000,,25,4586.072,44.574,91.721,413.928,5421.117,2656.552,2493.272,157.715,2166.637,10,10288.667,-6.886917702786377e-10
BDEW,BDEW_H25,2019,5000,,26,4593.205,44.643,91.864,406.795,5413.189,2664.479,2500.644,158.271,2166.637,10,10288.667,-5.731788377261182e-10
BDEW,BDEW_H25,2019,5000,,27,4598.827,44.698,91.977,401.173,5406.918,2670.75,2506.458,158.728,2166.637,10,10288.667,-3.263131986841472e-10
BDEW,BDEW_H25,2019,5000,,28,4604.452,44.753,92.089,395.548,5400.648,2677.02,2512.271,159.185,2166.637,10,10288.667,-7.10945968762644e-10
BDEW,BDEW_H25,2019,5000,,29,4610.123,44.808,92.202,389.877,5394.379,2683.29,2518.084,159.642,2166.637,10,10288.667,-5.680247383565984e-10
BDEW,BDEW_H25,2019,5000,,30,4615.789,44.863,92.316,384.211,5388.109,2689.559,2523.896,160.099,2166.637,10,10288.667,-2.7822188997106423e-10
REAL,SFH3,2019,5000,2040.394,0,2004.836,19.486,40.097,2995.164,8283.83,0,0,0,2004.836,10,10288.667,0
REAL,SFH3,2019,5000,2040.394,5,3459.684,33.626,69.194,1540.316,6640.93,1596.542,1502.541,94.001,2004.836,10,10288.667,-2.538075305480447e-10
REAL,SFH3,2019,5000,2040.394,6,3624.732,35.23,72.495,1375.268,6460.755,1776.717,1672.068,104.65,2004.836,10,10288.667,-2.822757583231805e-10
REAL,SFH3,2019,5000,2040.394,7,3740.841,36.359,74.817,1259.159,6333.789,1903.683,1791.505,112.178,2004.836,10,10288.667,-2.66099808854392e-10
REAL,SFH3,2019,5000,2040.394,8,3830.388,37.229,76.608,1169.612,6235.819,2001.653,1883.647,118.007,2004.836,10,10288.667,-3.7868208568880846e-10
REAL,SFH3,2019,5000,2040.394,9,3899.406,37.9,77.988,1100.594,6160.238,2077.234,1954.71,122.524,2004.836,10,10288.667,-3.257247804810959e-10
REAL,SFH3,2019,5000,2040.394,10,3971.597,38.602,79.432,1028.403,6082.273,2155.199,2028.019,127.181,2004.836,10,10288.667,-2.077339411599155e-10
REAL,SFH3,2019,5000,2040.394,11,4018.09,39.054,80.362,981.91,6031.562,2205.91,2075.669,130.241,2004.836,10,10288.667,-5.660284463360199e-10
REAL,SFH3,2019,5000,2040.394,12,4058.115,39.443,81.162,941.885,5987.947,2249.525,2116.64,132.886,2004.836,10,10288.667,-3.0711477805311915e-10
REAL,SFH3,2019,5000,2040.394,13,4092.189,39.774,81.844,907.811,5950.132,2287.34,2151.597,135.173,2004.836,10,10288.667,-2.0064494510307895e-10
REAL,SFH3,2019,5000,2040.394,14,4123.022,40.073,82.46,876.978,5915.58,2321.893,2183.175,137.259,2004.836,10,10288.667,-5.844991157744062e-10
REAL,SFH3,2019,5000,2040.394,15,4150.49,40.34,83.01,849.51,5885.581,2351.891,2211.329,139.103,2004.836,10,10288.667,-3.3108515928859106e-10
REAL,SFH3,2019,5000,2040.394,16,4182.412,40.651,83.648,817.588,5851.531,2385.942,2243.934,141.204,2004.836,10,10288.667,-1.9163082232154238e-10
REAL,SFH3,2019,5000,2040.394,17,4205.012,40.87,84.1,794.988,5826.766,2410.706,2267.16,142.742,2004.836,10,10288.667,-5.967262239892079e-10
REAL,SFH3,2019,5000,2040.394,18,4225.409,41.069,84.508,774.591,5804.555,2432.917,2287.983,144.13,2004.836,10,10288.667,-3.3483193995209604e-10
REAL,SFH3,2019,5000,2040.394,19,4244.445,41.254,84.889,755.555,5783.865,2453.607,2307.374,145.43,2004.836,10,10288.667,-2.063661463935773e-10
REAL,SFH3,2019,5000,2040.394,20,4262.675,41.431,85.254,737.325,5764.017,2473.455,2325.971,146.68,2004.836,10,10288.667,-5.770230959711853e-10
REAL,SFH3,2019,5000,2040.394,21,4278.434,41.584,85.569,721.566,5746.902,2490.57,2341.997,147.77,2004.836,10,10288.667,-3.2489522183709596e-10
REAL,SFH3,2019,5000,2040.394,22,4291.525,41.711,85.831,708.475,5732.695,2504.778,2355.286,148.688,2004.836,10,10288.667,-7.188625250620362e-10
REAL,SFH3,2019,5000,2040.394,23,4302.963,41.822,86.059,697.037,5720.26,2517.213,2366.908,149.501,2004.836,10,10288.667,-5.683834514158548e-10
REAL,SFH3,2019,5000,2040.394,24,4312.571,41.916,86.251,687.429,5709.805,2527.667,2376.666,150.197,2004.836,10,10288.667,-3.185114394455013e-10
REAL,SFH3,2019,5000,2040.394,25,4322.117,42.009,86.442,677.883,5699.417,2538.055,2386.361,150.89,2004.836,10,10288.667,-7.112085365079679e-10
REAL,SFH3,2019,5000,2040.394,26,4331.105,42.096,86.622,668.895,5689.644,2547.828,2395.478,151.547,2004.836,10,10288.667,-5.656298762701795e-10
REAL,SFH3,2019,5000,2040.394,27,4339.165,42.174,86.783,660.835,5680.801,2556.671,2403.718,152.149,2004.836,10,10288.667,-2.945067523185685e-10
REAL,SFH3,2019,5000,2040.394,28,4346.763,42.248,86.935,653.237,5672.475,2564.998,2411.473,152.721,2004.836,10,10288.667,-7.201037544035671e-10
REAL,SFH3,2019,5000,2040.394,29,4354.334,42.322,87.087,645.666,5664.149,2573.324,2419.228,153.292,2004.836,10,10288.667,-5.480264020363279e-10
REAL,SFH3,2019,5000,2040.394,30,4361.364,42.39,87.227,638.636,5656.473,2580.999,2426.37,153.826,2004.836,10,10288.667,-2.6635549321696317e-10
REAL,SFH4,2019,5000,3093.229,0,2021.528,19.648,40.431,2978.472,8267.138,0,0,0,2021.528,10,10288.667,0
REAL,SFH4,2019,5000,3093.229,5,3466.47,33.692,69.329,1533.53,6638.387,1583.891,1490.645,93.245,2021.528,10,10288.667,-2.6507451789115066e-10
REAL,SFH4,2019,5000,3093.229,6,3650.105,35.477,73.002,1349.895,6437.742,1784.536,1679.442,105.094,2021.528,10,10288.667,-2.842953095161249e-10
REAL,SFH4,2019,5000,3093.229,7,3793.947,36.875,75.879,1206.053,6280.262,1942.017,1827.371,114.405,2021.528,10,10288.667,-2.832352408166372e-10
REAL,SFH4,2019,5000,3093.229,8,3900.062,37.906,78.001,1099.938,6163.3,2058.978,1936.432,121.317,2021.528,10,10288.667,-4.002980169559578e-10
REAL,SFH4,2019,5000,3093.229,9,3976.714,38.651,79.534,1023.286,6079.404,2142.874,2015.144,126.316,2021.528,10,10288.667,-3.362339295875927e-10
REAL,SFH4,2019,5000,3093.229,10,4043.546,39.301,80.871,956.454,6006.454,2215.824,2083.727,130.682,2021.528,10,10288.667,-2.3223578615727547e-10
REAL,SFH4,2019,5000,3093.229,11,4089.638,39.749,81.793,910.362,5955.318,2266.961,2130.978,133.743,2021.528,10,10288.667,-6.236624550126635e-10
REAL,SFH4,2019,5000,3093.229,12,4125.798,40.1,82.516,874.202,5914.81,2307.468,2168.053,136.176,2021.528,10,10288.667,-3.316293906152623e-10
REAL,SFH4,2019,5000,3093.229,13,4155.617,40.39,83.112,844.383,5881.311,2340.967,2198.542,138.199,2021.528,10,10288.667,-2.212434679904618e-10
REAL,SFH4,2019,5000,3093.229,14,4183.735,40.664,83.675,816.265,5850.255,2372.023,2227.323,140.096,2021.528,10,10288.667,-6.204050606584133e-10
REAL,SFH4,2019,5000,3093.229,15,4206.276,40.883,84.126,793.724,5825.635,2396.643,2250.414,141.625,2021.528,10,10288.667,-3.3927438636283114e-10
REAL,SFH4,2019,5000,3093.229,16,4228.543,41.099,84.571,771.457,5801.237,2421.042,2273.158,143.139,2021.528,10,10288.667,-2.0688961654968807e-10
REAL,SFH4,2019,5000,3093.229,17,4247.48,41.283,84.95,752.52,5780.543,2441.735,2292.553,144.437,2021.528,10,10288.667,-6.23415097322777e-10
REAL,SFH4,2019,5000,3093.229,18,4266.139,41.464,85.323,733.861,5760.169,2462.109,2311.647,145.717,2021.528,10,10288.667,-3.426654515692462e-10
REAL,SFH4,2019,5000,3093.229,19,4282.345,41.622,85.647,717.655,5742.43,2479.848,2328.261,146.842,2021.528,10,10288.667,-2.1123636173570048e-10
REAL,SFH4,2019,5000,3093.229,20,4295.566,41.75,85.911,704.434,5727.92,2494.358,2341.835,147.777,2021.528,10,10288.667,-6.104521332872537e-10
REAL,SFH4,2019,5000,3093.229,21,4308.055,41.872,86.161,691.945,5714.231,2508.047,2354.637,148.665,2021.528,10,10288.667,-3.40986794356013e-10
REAL,SFH4,2019,5000,3093.229,22,4318.568,41.974,86.371,681.432,5702.641,2519.637,2365.462,149.43,2021.528,10,10288.667,-7.619389563728873e-10
REAL,SFH4,2019,5000,3093.229,23,4327.977,42.065,86.56,672.023,5692.251,2530.027,2375.156,150.125,2021.528,10,10288.667,-6.058309409695539e-10
REAL,SFH4,2019,5000,3093.229,24,4337.427,42.157,86.749,662.573,5681.862,2540.416,2384.85,150.821,2021.528,10,10288.667,-3.2642333280819e-10
REAL,SFH4,2019,5000,3093.229,25,4346.886,42.249,86.938,653.114,5671.473,2550.805,2394.542,151.518,2021.528,10,10288.667,-7.495613019159464e-10
REAL,SFH4,2019,5000,3093.229,26,4356.025,42.338,87.121,643.975,5661.405,2560.873,2403.932,152.196,2021.528,10,10288.667,-5.97099258925482e-10
REAL,SFH4,2019,5000,3093.229,27,4362.62,42.402,87.252,637.38,5654.093,2568.185,2410.729,152.71,2021.528,10,10288.667,-3.0799807149151093e-10
REAL,SFH4,2019,5000,3093.229,28,4369.23,42.466,87.385,630.77,5646.797,2575.481,2417.512,153.224,2021.528,10,10288.667,-7.629417098087288e-10
REAL,SFH4,2019,5000,3093.229,29,4375.13,42.524,87.503,624.87,5640.29,2581.988,2423.551,153.692,2021.528,10,10288.667,-5.798863611516936e-10
REAL,SFH4,2019,5000,3093.229,30,4380.824,42.579,87.616,619.176,5634.023,2588.255,2429.365,154.145,2021.528,10,10288.667,-2.665005993662817e-10
REAL,SFH5,2019,5000,3057.864,0,1868.667,18.162,37.373,3131.333,8420,0,0,0,1868.667,11,10288.667,0
REAL,SFH5,2019,5000,3057.864,5,3376.316,32.816,67.526,1623.684,6724.429,1649.577,1552.478,97.099,1868.667,11,10288.667,-2.731905257569167e-10
REAL,SFH5,2019,5000,3057.864,6,3566.817,34.667,71.336,1433.183,6515.934,1858.072,1748.665,109.407,1868.667,11,10288.667,-2.733714365987794e-10
REAL,SFH5,2019,5000,3057.864,7,3714.315,36.101,74.286,1285.685,6355.006,2019,1900.076,118.925,1868.667,11,10288.667,-2.5954022264684795e-10
REAL,SFH5,2019,5000,3057.864,8,3834.419,37.268,76.688,1165.581,6224.205,2149.801,2023.124,126.677,1868.667,11,10288.667,-4.095736527709448e-10
REAL,SFH5,2019,5000,3057.864,9,3925.864,38.157,78.517,1074.136,6124.43,2249.576,2116.965,132.611,1868.667,11,10288.667,-3.223722400136353e-10
REAL,SFH5,2019,5000,3057.864,10,4006.606,38.942,80.132,993.394,6036.487,2337.519,2199.664,137.854,1868.667,11,10288.667,-2.2274826427803873e-10
REAL,SFH5,2019,5000,3057.864,11,4063.59,39.496,81.272,936.41,5974.44,2399.566,2257.987,141.579,1868.667,11,10288.667,-6.092826243531135e-10
REAL,SFH5,2019,5000,3057.864,12,4108.766,39.935,82.175,891.234,5925.317,2448.689,2304.143,144.546,1868.667,11,10288.667,-3.3625213724519654e-10
REAL,SFH5,2019,5000,3057.864,13,4147.145,40.308,82.943,852.855,5883.574,2490.432,2343.352,147.08,1868.667,11,10288.667,-2.0768609054755416e-10
REAL,SFH5,2019,5000,3057.864,14,4180.244,40.63,83.605,819.756,5847.534,2526.471,2377.193,149.279,1868.667,11,10288.667,-5.96785287854118e-10
REAL,SFH5,2019,5000,3057.864,15,4207.527,40.895,84.151,792.473,5817.827,2556.179,2405.072,151.107,1868.667,11,10288.667,-3.630677980481778e-10
REAL,SFH5,2019,5000,3057.864,16,4235.129,41.163,84.703,764.871,5787.637,2586.369,2433.404,152.965,1868.667,11,10288.667,-2.0944712630921458e-10
REAL,SFH5,2019,5000,3057.864,17,4259.389,41.399,85.188,740.611,5761.032,2612.974,2458.361,154.613,1868.667,11,10288.667,-6.060019153153462e-10
REAL,SFH5,2019,5000,3057.864,18,4281.46,41.613,85.629,718.54,5736.892,2637.114,2480.997,156.117,1868.667,11,10288.667,-3.500224554642273e-10
REAL,SFH5,2019,5000,3057.864,19,4300.905,41.802,86.018,699.095,5715.641,2658.365,2500.915,157.45,1868.667,11,10288.667,-2.1335000432998186e-10
REAL,SFH5,2019,5000,3057.864,20,4318.489,41.973,86.37,681.511,5696.373,2677.633,2518.965,158.668,1868.667,11,10288.667,-5.831348737217468e-10
REAL,SFH5,2019,5000,3057.864,21,4333.208,42.116,86.664,666.792,5680.243,2693.763,2534.061,159.702,1868.667,11,10288.667,-3.52854856444651e-10
REAL,SFH5,2019,5000,3057.864,22,4346.432,42.245,86.929,653.568,5665.763,2708.243,2547.603,160.639,1868.667,11,10288.667,-7.349199027117947e-10
REAL,SFH5,2019,5000,3057.864,23,4358.126,42.359,87.163,641.874,5652.966,2721.04,2559.564,161.476,1868.667,11,10288.667,-5.800413482859312e-10
REAL,SFH5,2019,5000,3057.864,24,4368.229,42.457,87.365,631.771,5641.882,2732.124,2569.913,162.211,1868.667,11,10288.667,-3.332765174945962e-10
REAL,SFH5,2019,5000,3057.864,25,4376.754,42.54,87.535,623.246,5632.523,2741.483,2578.637,162.845,1868.667,11,10288.667,-7.222400455475508e-10
REAL,SFH5,2019,5000,3057.864,26,4385.316,42.623,87.706,614.684,5623.174,2750.832,2587.353,163.479,1868.667,11,10288.667,-5.711804362817929e-10
REAL,SFH5,2019,5000,3057.864,27,4393.218,42.7,87.864,606.782,5614.511,2759.495,2595.423,164.072,1868.667,11,10288.667,-3.1268720945831774e-10
REAL,SFH5,2019,5000,3057.864,28,4400.819,42.773,88.016,599.181,5606.184,2767.822,2603.178,164.644,1868.667,11,10288.667,-7.470619678429102e-10
REAL,SFH5,2019,5000,3057.864,29,4407.796,42.841,88.156,592.204,5598.576,2775.43,2610.256,165.174,1868.667,11,10288.667,-5.683400416955919e-10
REAL,SFH5,2019,5000,3057.864,30,4413.51,42.897,88.27,586.49,5592.309,2781.697,2616.072,165.626,1868.667,11,10288.667,-2.7274449365677356e-10
REAL,SFH7,2019,5000,3071.744,0,2194.041,21.325,43.881,2805.959,8094.626,0,0,0,2194.041,10,10288.667,0
REAL,SFH7,2019,5000,3071.744,5,3640.463,35.383,72.809,1359.537,6459.572,1589.56,1495.966,93.594,2194.041,10,10288.667,-2.5507596035367897e-10
REAL,SFH7,2019,5000,3071.744,6,3791.485,36.851,75.83,1208.515,6293.82,1755.312,1651.914,103.398,2194.041,10,10288.667,-2.781804231410945e-10
REAL,SFH7,2019,5000,3071.744,7,3903.683,37.942,78.074,1096.317,6170.791,1878.342,1767.645,110.696,2194.041,10,10288.667,-3.1662605870508287e-10
REAL,SFH7,2019,5000,3071.744,8,3986.143,38.743,79.723,1013.857,6080.652,1968.48,1852.414,116.066,2194.041,10,10288.667,-3.494875500109629e-10
REAL,SFH7,2019,5000,3071.744,9,4048.925,39.353,80.978,951.075,6012.308,2036.824,1916.665,120.159,2194.041,10,10288.667,-3.3475666683102645e-10
REAL,SFH7,2019,5000,3071.744,10,4106.872,39.916,82.137,893.128,5949.219,2099.913,1975.966,123.947,2194.041,10,10288.667,-3.182663022016641e-10
REAL,SFH7,2019,5000,3071.744,11,4146.658,40.303,82.933,853.342,5905.783,2143.35,2016.769,126.581,2194.041,10,10288.667,-5.845437467399961e-10
REAL,SFH7,2019,5000,3071.744,12,4175.567,40.584,83.511,824.433,5874.273,2174.859,2046.345,128.514,2194.041,10,10288.667,-3.1413183165796e-10
REAL,SFH7,2019,5000,3071.744,13,4201.377,40.835,84.028,798.623,5846.26,2202.872,2072.63,130.242,2194.041,10,10288.667,-3.0595559419310803e-10
REAL,SFH7,2019,5000,3071.744,14,4224.239,41.057,84.485,775.761,5821.282,2227.85,2096.057,131.793,2194.041,10,10288.667,-5.766869204393288e-10
REAL,SFH7,2019,5000,3071.744,15,4245.484,41.264,84.91,754.516,5798.04,2251.093,2117.85,133.243,2194.041,10,10288.667,-3.154216887679695e-10
REAL,SFH7,2019,5000,3071.744,16,4265.332,41.457,85.307,734.668,5776.329,2272.804,2138.201,134.603,2194.041,10,10288.667,-2.848028479718323e-10
REAL,SFH7,2019,5000,3071.744,17,4280.795,41.607,85.616,719.205,5759.377,2289.755,2154.073,135.683,2194.041,10,10288.667,-5.733136188013077e-10
REAL,SFH7,2019,5000,3071.744,18,4293.723,41.733,85.874,706.277,5745.198,2303.935,2167.333,136.601,2194.041,10,10288.667,-3.2488256529461523e-10
REAL,SFH7,2019,5000,3071.744,19,4305.285,41.845,86.106,694.715,5732.416,2316.716,2179.278,137.438,2194.041,10,10288.667,-2.912481367189912e-10
REAL,SFH7,2019,5000,3071.744,20,4315.622,41.945,86.312,684.378,5721.003,2328.129,2189.934,138.195,2194.041,10,10288.667,-5.658451485146543e-10
REAL,SFH7,2019,5000,3071.744,21,4325.68,42.043,86.514,674.32,5709.808,2339.324,2200.385,138.939,2194.041,10,10288.667,-3.087687883152057e-10
REAL,SFH7,2019,5000,3071.744,22,4335.164,42.135,86.703,664.836,5699.423,2349.71,2210.075,139.635,2194.041,10,10288.667,-6.079470260544895e-10
REAL,SFH7,2019,5000,3071.744,23,4343.115,42.213,86.862,656.885,5690.641,2358.491,2218.254,140.237,2194.041,10,10288.667,-5.594147367560254e-10
REAL,SFH7,2019,5000,3071.744,24,4349.422,42.274,86.988,650.578,5683.613,2365.52,2224.783,140.736,2194.041,10,10288.667,-3.093854061830825e-10
REAL,SFH7,2019,5000,3071.744,25,4354.307,42.321,87.086,645.693,5678.199,2370.934,2229.792,141.142,2194.041,10,10288.667,-6.144362796334235e-10
REAL,SFH7,2019,5000,3071.744,26,4358.537,42.363,87.171,641.463,5673.538,2375.595,2234.093,141.502,2194.041,10,10288.667,-5.597904362275585e-10
REAL,SFH7,2019,5000,3071.744,27,4362.319,42.399,87.246,637.681,5669.327,2379.805,2237.97,141.835,2194.041,10,10288.667,-2.7109470224218057e-10
REAL,SFH7,2019,5000,3071.744,28,4365.418,42.429,87.308,634.582,5665.821,2383.311,2241.184,142.127,2194.041,10,10288.667,-6.178244582599746e-10
REAL,SFH7,2019,5000,3071.744,29,4368.198,42.456,87.364,631.802,5662.642,2386.491,2244.092,142.399,2194.041,10,10288.667,-5.389866331029225e-10
REAL,SFH7,2019,5000,3071.744,30,4371.012,42.484,87.42,628.988,5659.462,2389.67,2246.999,142.671,2194.041,10,10288.667,-2.391420395042587e-10
REAL,SFH8,2019,5000,3214.148,0,2227.839,21.653,44.557,2772.161,8060.827,0,0,0,2227.839,10,10288.667,0
REAL,SFH8,2019,5000,3214.148,5,3629.758,35.279,72.595,1370.242,6472.04,1543.972,1453.043,90.929,2227.839,10,10288.667,-2.421461364754407e-10
REAL,SFH8,2019,5000,3214.148,6,3777.523,36.715,75.55,1222.477,6311.131,1704.881,1604.433,100.448,2227.839,10,10288.667,-2.9712898808043064e-10
REAL,SFH8,2019,5000,3214.148,7,3890.882,37.817,77.818,1109.118,6187.512,1828.501,1720.72,107.78,2227.839,10,10288.667,-3.0621505331396293e-10
REAL,SFH8,2019,5000,3214.148,8,3974.021,38.625,79.48,1025.979,6096.34,1919.672,1806.461,113.211,2227.839,10,10288.667,-3.534018633288838e-10
REAL,SFH8,2019,5000,3214.148,9,4035.284,39.221,80.706,964.716,6029.305,1986.707,1869.482,117.225,2227.839,10,10288.667,-3.292199846072208e-10
REAL,SFH8,2019,5000,3214.148,10,4096.344,39.814,81.927,903.656,5962.559,2053.453,1932.227,121.226,2227.839,10,10288.667,-2.845798041661851e-10
REAL,SFH8,2019,5000,3214.148,11,4140.015,40.239,82.8,859.985,5914.799,2101.213,1977.101,124.112,2227.839,10,10288.667,-5.720214302229465e-10
REAL,SFH8,2019,5000,3214.148,12,4177.518,40.603,83.55,822.482,5873.72,2142.292,2015.683,126.608,2227.839,10,10288.667,-3.128320935630313e-10
REAL,SFH8,2019,5000,3214.148,13,4209.846,40.917,84.197,790.154,5838.496,2177.516,2048.754,128.762,2227.839,10,10288.667,-2.765281337246961e-10
REAL,SFH8,2019,5000,3214.148,14,4236.495,41.176,84.73,763.505,5809.401,2206.611,2076.055,130.556,2227.839,10,10288.667,-5.663089996943427e-10
REAL,SFH8,2019,5000,3214.148,15,4258.742,41.393,85.175,741.258,5785.185,2230.827,2098.765,132.062,2227.839,10,10288.667,-3.202358378473491e-10
REAL,SFH8,2019,5000,3214.148,16,4281.277,41.612,85.626,718.723,5760.587,2255.425,2121.831,133.593,2227.839,10,10288.667,-2.660076603433481e-10
REAL,SFH8,2019,5000,3214.148,17,4299.727,41.791,85.995,700.273,5740.443,2275.569,2140.706,134.863,2227.839,10,10288.667,-5.737015307261117e-10
REAL,SFH8,2019,5000,3214.148,18,4315.621,41.945,86.312,684.379,5723.244,2292.768,2156.809,135.959,2227.839,10,10288.667,-3.2782265790842757e-10
REAL,SFH8,2019,5000,3214.148,19,4329.897,42.084,86.598,670.103,5707.69,2308.322,2171.362,136.959,2227.839,10,10288.667,-2.6889113158290456e-10
REAL,SFH8,2019,5000,3214.148,20,4342.503,42.207,86.85,657.497,5693.818,2322.194,2184.333,137.861,2227.839,10,10288.667,-5.734701602477799e-10
REAL,SFH8,2019,5000,3214.148,21,4354.791,42.326,87.096,645.209,5680.357,2335.655,2196.917,138.738,2227.839,10,10288.667,-3.109641433240995e-10
REAL,SFH8,2019,5000,3214.148,22,4366.437,42.439,87.329,633.563,5667.649,2348.363,2208.792,139.571,2227.839,10,10288.667,-6.505400662604188e-10
REAL,SFH8,2019,5000,3214.148,23,4376.931,42.541,87.539,623.069,5656.141,2359.871,2219.537,140.334,2227.839,10,10288.667,-5.553886239795247e-10
REAL,SFH8,2019,5000,3214.148,24,4386.332,42.633,87.727,613.668,5645.751,2370.261,2229.23,141.031,2227.839,10,10288.667,-3.086417788011886e-10
REAL,SFH8,2019,5000,3214.148,25,4395.636,42.723,87.913,604.364,5635.378,2380.634,2238.906,141.728,2227.839,10,10288.667,-6.59025278793024e-10
REAL,SFH8,2019,5000,3214.148,26,4402.275,42.788,88.045,597.725,5627.982,2388.03,2245.781,142.248,2227.839,10,10288.667,-5.583462581171261e-10
REAL,SFH8,2019,5000,3214.148,27,4407.962,42.843,88.159,592.038,5621.714,2394.298,2251.596,142.701,2227.839,10,10288.667,-2.7403501690059784e-10
REAL,SFH8,2019,5000,3214.148,28,4412.703,42.889,88.254,587.297,5616.476,2399.536,2256.442,143.094,2227.839,10,10288.667,-6.620628489883984e-10
REAL,SFH8,2019,5000,3214.148,29,4417.107,42.932,88.342,582.893,5611.639,2404.373,2260.91,143.464,2227.839,10,10288.667,-5.324722884836319e-10
REAL,SFH8,2019,5000,3214.148,30,4420.89,42.969,88.418,579.11,5607.428,2408.584,2264.787,143.797,2227.839,10,10288.667,-2.5185142860095766e-10
REAL,SFH9,2019,5000,4678.755,0,2034.125,19.771,40.683,2965.875,8254.541,0,0,0,2034.125,10,10288.667,0
REAL,SFH9,2019,5000,4678.755,5,3535.704,34.365,70.714,1464.296,6561.47,1647.642,1550.641,97.001,2034.125,10,10288.667,-2.7583435535660783e-10
REAL,SFH9,2019,5000,4678.755,6,3704.123,36.002,74.082,1295.877,6377.321,1831.792,1723.909,107.883,2034.125,10,10288.667,-3.0116542593106033e-10
REAL,SFH9,2019,5000,4678.755,7,3820.739,37.135,76.415,1179.261,6250.046,1959.066,1843.637,115.429,2034.125,10,10288.667,-3.124155933953432e-10
REAL,SFH9,2019,5000,4678.755,8,3911.314,38.016,78.226,1088.686,6150.954,2058.158,1936.834,121.324,2034.125,10,10288.667,-3.6237279843476244e-10
REAL,SFH9,2019,5000,4678.755,9,3979.725,38.681,79.595,1020.275,6076.3,2132.812,2007.025,125.787,2034.125,10,10288.667,-3.3769687046714125e-10
REAL,SFH9,2019,5000,4678.755,10,4047.067,39.335,80.941,952.933,6002.982,2206.13,2075.955,130.175,2034.125,10,10288.667,-2.780101704402682e-10
REAL,SFH9,2019,5000,4678.755,11,4093.13,39.783,81.863,906.87,5952.784,2256.328,2123.123,133.206,2034.125,10,10288.667,-6.109334149684287e-10
REAL,SFH9,2019,5000,4678.755,12,4130.428,40.145,82.609,869.572,5912.239,2296.873,2161.203,135.67,2034.125,10,10288.667,-3.3266112087204647e-10
REAL,SFH9,2019,5000,4678.755,13,4163.586,40.468,83.272,836.414,5876.174,2332.938,2195.065,137.871,2034.125,10,10288.667,-2.5027782147094e-10
REAL,SFH9,2019,5000,4678.755,14,4192.306,40.747,83.846,807.694,5844.715,2364.398,2224.424,139.799,2034.125,10,10288.667,-6.138709540692844e-10
REAL,SFH9,2019,5000,4678.755,15,4214.98,40.967,84.3,785.02,5819.825,2389.287,2247.767,141.346,2034.125,10,10288.667,-3.4537483983854145e-10
REAL,SFH9,2019,5000,4678.755,16,4240.212,41.212,84.804,759.788,5791.553,2417.559,2273.754,143.076,2034.125,10,10288.667,-2.507394292194931e-10
REAL,SFH9,2019,5000,4678.755,17,4259.913,41.404,85.198,740.087,5770.165,2438.947,2293.8,144.418,2034.125,10,10288.667,-6.211298142488886e-10
REAL,SFH9,2019,5000,4678.755,18,4278.05,41.58,85.561,721.95,5750.428,2458.684,2312.293,145.662,2034.125,10,10288.667,-3.512731217014675e-10
REAL,SFH9,2019,5000,4678.755,19,4293.655,41.732,85.873,706.345,5733.456,2475.656,2328.183,146.744,2034.125,10,10288.667,-2.458426795470814e-10
REAL,SFH9,2019,5000,4678.755,20,4307.079,41.862,86.142,692.921,5718.901,2490.212,2341.798,147.684,2034.125,10,10288.667,-6.022925491677711e-10
REAL,SFH9,2019,5000,4678.755,21,4319.629,41.984,86.393,680.371,5705.097,2504.015,2354.705,148.581,2034.125,10,10288.667,-3.332706333125657e-10
REAL,SFH9,2019,5000,4678.755,22,4330.406,42.089,86.608,669.594,5693.143,2515.969,2365.872,149.368,2034.125,10,10288.667,-7.082718855855319e-10
REAL,SFH9,2019,5000,4678.755,23,4340.866,42.191,86.817,659.134,5681.724,2527.388,2376.534,150.125,2034.125,10,10288.667,-5.8833060645469e-10
REAL,SFH9,2019,5000,4678.755,24,4351.272,42.292,87.025,648.728,5670.317,2538.796,2387.187,150.879,2034.125,10,10288.667,-3.3031000157279777e-10
REAL,SFH9,2019,5000,4678.755,25,4359.814,42.375,87.196,640.186,5660.88,2548.232,2395.984,151.519,2034.125,10,10288.667,-6.985472200682352e-10
REAL,SFH9,2019,5000,4678.755,26,4367.405,42.449,87.348,632.595,5652.562,2556.55,2403.728,152.093,2034.125,10,10288.667,-5.814742021215125e-10
REAL,SFH9,2019,5000,4678.755,27,4374.031,42.513,87.481,625.969,5645.265,2563.848,2410.512,152.606,2034.125,10,10288.667,-2.9454472194601067e-10
REAL,SFH9,2019,5000,4678.755,28,4380.68,42.578,87.614,619.32,5637.967,2571.145,2417.296,153.12,2034.125,10,10288.667,-7.071473406838891e-10
REAL,SFH9,2019,5000,4678.755,29,4387.233,42.641,87.745,612.767,5630.812,2578.3,2423.946,153.624,2034.125,10,10288.667,-5.635375499579709e-10
REAL,SFH9,2019,5000,4678.755,30,4391.698,42.685,87.834,608.302,5625.928,2583.185,2428.461,153.994,2034.125,10,10288.667,-2.638751439576481e-10
REAL,SFH10,2019,5000,5489.323,0,2212.352,21.503,44.247,2787.648,8076.315,0,0,0,2212.352,10,10288.667,0
REAL,SFH10,2019,5000,5489.323,5,3707.85,36.038,74.157,1292.15,6394.725,1636.582,1540.252,96.33,2212.352,10,10288.667,-2.626946438155642e-10
REAL,SFH10,2019,5000,5489.323,6,3895.597,37.863,77.912,1104.403,6188.335,1842.972,1734.459,108.514,2212.352,10,10288.667,-2.8820223985093207e-10
REAL,SFH10,2019,5000,5489.323,7,4031.317,39.182,80.626,968.683,6038.888,1992.418,1875.06,117.358,2212.352,10,10288.667,-2.9488517183651197e-10
REAL,SFH10,2019,5000,5489.323,8,4129.27,40.134,82.585,870.73,5931.014,2100.293,1976.526,123.767,2212.352,10,10288.667,-4.0635145248657523e-10
REAL,SFH10,2019,5000,5489.323,9,4197.626,40.799,83.953,802.374,5855.681,2175.626,2047.359,128.267,2212.352,10,10288.667,-3.393061387413354e-10
REAL,SFH10,2019,5000,5489.323,10,4254.252,41.349,85.085,745.748,5793.403,2237.904,2105.896,132.009,2212.352,10,10288.667,-2.474745963709779e-10
REAL,SFH10,2019,5000,5489.323,11,4293.484,41.73,85.87,706.516,5750.278,2281.029,2146.405,134.624,2212.352,10,10288.667,-5.945103298543586e-10
REAL,SFH10,2019,5000,5489.323,12,4326.075,42.047,86.522,673.925,5714.543,2316.764,2179.957,136.807,2212.352,10,10288.667,-3.1945701639557456e-10
REAL,SFH10,2019,5000,5489.323,13,4353.839,42.317,87.077,646.161,5683.901,2347.406,2208.555,138.685,2212.352,10,10288.667,-2.2642573926923149e-10
REAL,SFH10,2019,5000,5489.323,14,4378.442,42.556,87.569,621.558,5656.897,2374.41,2233.889,140.356,2212.352,10,10288.667,-5.785335543961878e-10
REAL,SFH10,2019,5000,5489.323,15,4401.926,42.784,88.039,598.074,5631.158,2400.149,2258.033,141.952,2212.352,10,10288.667,-3.2070673894324386e-10
REAL,SFH10,2019,5000,5489.323,16,4424.482,43.003,88.49,575.518,5606.114,2425.193,2281.303,143.501,2212.352,10,10288.667,-2.2312812708591423e-10
REAL,SFH10,2019,5000,5489.323,17,4445.392,43.207,88.908,554.608,5583.178,2448.129,2302.808,144.932,2212.352,10,10288.667,-5.735274477558505e-10
REAL,SFH10,2019,5000,5489.323,18,4464.669,43.394,89.293,535.331,5562.008,2469.299,2322.65,146.259,2212.352,10,10288.667,-3.2232866375991875e-10
REAL,SFH10,2019,5000,5489.323,19,4482.218,43.565,89.644,517.782,5542.7,2488.607,2340.739,147.479,2212.352,10,10288.667,-2.2517382403108854e-10
REAL,SFH10,2019,5000,5489.323,20,4496.895,43.707,89.938,503.105,5526.506,2504.801,2355.896,148.515,2212.352,10,10288.667,-5.649172241106726e-10
REAL,SFH10,2019,5000,5489.323,21,4509.076,43.826,90.182,490.924,5513.029,2518.278,2368.496,149.393,2212.352,10,10288.667,-3.293466610543305e-10
REAL,SFH10,2019,5000,5489.323,22,4519.383,43.926,90.388,480.617,5501.572,2529.735,2379.193,150.153,2212.352,10,10288.667,-6.884164904796819e-10
REAL,SFH10,2019,5000,5489.323,23,4528.63,44.016,90.573,471.37,5491.294,2540.013,2388.779,150.845,2212.352,10,10288.667,-5.612214026839979e-10
REAL,SFH10,2019,5000,5489.323,24,4536.313,44.09,90.726,463.687,5482.786,2548.521,2396.698,151.434,2212.352,10,10288.667,-3.1642555242683557e-10
REAL,SFH10,2019,5000,5489.323,25,4542.787,44.153,90.856,457.213,5475.618,2555.689,2403.356,151.944,2212.352,10,10288.667,-6.789495077264007e-10
REAL,SFH10,2019,5000,5489.323,26,4548.426,44.208,90.969,451.574,5469.348,2561.959,2409.169,152.401,2212.352,10,10288.667,-5.605448327727913e-10
REAL,SFH10,2019,5000,5489.323,27,4554.06,44.263,91.081,445.94,5463.078,2568.229,2414.981,152.859,2212.352,10,10288.667,-2.898066786549691e-10
REAL,SFH10,2019,5000,5489.323,28,4559.694,44.318,91.194,440.306,5456.808,2574.499,2420.793,153.317,2212.352,10,10288.667,-6.932731055897534e-10
REAL,SFH10,2019,5000,5489.323,29,4565.317,44.372,91.306,434.683,5450.538,2580.769,2426.604,153.776,2212.352,10,10288.667,-5.449193873907632e-10
REAL,SFH10,2019,5000,5489.323,30,4570.934,44.427,91.419,429.066,5444.268,2587.039,2432.415,154.234,2212.352,10,10288.667,-2.6211049997115765e-10
REAL,SFH11,2019,5000,3105.221,0,2086.334,20.278,41.727,2913.666,8202.333,0,0,0,2086.334,10,10288.667,0
REAL,SFH11,2019,5000,3105.221,5,3515.423,34.168,70.308,1484.577,6589.652,1566.784,1474.536,92.247,2086.334,10,10288.667,-2.2506368990704573e-10
REAL,SFH11,2019,5000,3105.221,6,3667.086,35.642,73.342,1332.914,6423.515,1732.921,1630.849,102.072,2086.334,10,10288.667,-2.754926287096282e-10
REAL,SFH11,2019,5000,3105.221,7,3780.014,36.74,75.6,1219.986,6299.712,1856.723,1747.31,109.413,2086.334,10,10288.667,-2.9882551988436035e-10
REAL,SFH11,2019,5000,3105.221,8,3864.542,37.561,77.291,1135.458,6207.128,1949.307,1834.383,114.924,2086.334,10,10288.667,-3.390874803166355e-10
REAL,SFH11,2019,5000,3105.221,9,3928.257,38.18,78.565,1071.743,6137.362,2019.074,1899.976,119.097,2086.334,10,10288.667,-3.1765479135970054e-10
REAL,SFH11,2019,5000,3105.221,10,3988.295,38.764,79.766,1011.705,6071.883,2084.553,1961.529,123.024,2086.334,10,10288.667,-2.540335719558584e-10
REAL,SFH11,2019,5000,3105.221,11,4027.192,39.142,80.544,972.808,6029.349,2127.087,2001.485,125.602,2086.334,10,10288.667,-5.971989569530933e-10
REAL,SFH11,2019,5000,3105.221,12,4059.818,39.459,81.196,940.182,5993.806,2162.63,2034.859,127.77,2086.334,10,10288.667,-3.061521036684667e-10
REAL,SFH11,2019,5000,3105.221,13,4087.057,39.724,81.741,912.943,5964.078,2192.358,2062.759,129.598,2086.334,10,10288.667,-2.257350972811878e-10
REAL,SFH11,2019,5000,3105.221,14,4112.168,39.968,82.243,887.832,5936.633,2219.803,2088.51,131.293,2086.334,10,10288.667,-5.971686478645211e-10
REAL,SFH11,2019,5000,3105.221,15,4133.279,40.173,82.666,866.721,5913.538,2242.898,2110.166,132.731,2086.334,10,10288.667,-3.080553589995816e-10
REAL,SFH11,2019,5000,3105.221,16,4154.57,40.38,83.091,845.43,5890.314,2266.122,2131.943,134.179,2086.334,10,10288.667,-1.931155235723736e-10
REAL,SFH11,2019,5000,3105.221,17,4171.51,40.545,83.43,828.49,5871.891,2284.545,2149.202,135.343,2086.334,10,10288.667,-6.024831744610992e-10
REAL,SFH11,2019,5000,3105.221,18,4186.263,40.688,83.725,813.737,5855.843,2300.592,2164.225,136.367,2086.334,10,10288.667,-3.08877590171619e-10
REAL,SFH11,2019,5000,3105.221,19,4200.431,40.826,84.009,799.569,5840.303,2316.132,2178.771,137.361,2086.334,10,10288.667,-2.0376456077997318e-10
REAL,SFH11,2019,5000,3105.221,20,4214.637,40.964,84.293,785.363,5824.765,2331.671,2193.315,138.356,2086.334,10,10288.667,-5.93355364841841e-10
REAL,SFH11,2019,5000,3105.221,21,4228.25,41.096,84.565,771.75,5809.727,2346.709,2207.387,139.322,2086.334,10,10288.667,-2.9771363152519825e-10
REAL,SFH11,2019,5000,3105.221,22,4241.09,41.221,84.822,758.91,5795.519,2360.916,2220.677,140.24,2086.334,10,10288.667,-7.05588032445803e-10
REAL,SFH11,2019,5000,3105.221,23,4251.137,41.319,85.023,748.863,5784.482,2371.953,2230.983,140.971,2086.334,10,10288.667,-5.807940794966271e-10
REAL,SFH11,2019,5000,3105.221,24,4260.602,41.411,85.212,739.398,5774.096,2382.34,2240.676,141.664,2086.334,10,10288.667,-2.9275049051591395e-10
REAL,SFH11,2019,5000,3105.221,25,4269.727,41.499,85.395,730.273,5764.13,2392.306,2249.974,142.332,2086.334,10,10288.667,-7.060869666730696e-10
REAL,SFH11,2019,5000,3105.221,26,4277.778,41.578,85.556,722.222,5755.342,2401.094,2258.163,142.931,2086.334,10,10288.667,-5.786406909180641e-10
REAL,SFH11,2019,5000,3105.221,27,4284.915,41.647,85.698,715.085,5747.505,2408.931,2265.458,143.473,2086.334,10,10288.667,-2.614979344173207e-10
REAL,SFH11,2019,5000,3105.221,28,4290.643,41.703,85.813,709.357,5741.241,2415.194,2271.272,143.922,2086.334,10,10288.667,-7.165783522111724e-10
REAL,SFH11,2019,5000,3105.221,29,4296.31,41.758,85.926,703.69,5734.978,2421.458,2277.086,144.371,2086.334,10,10288.667,-5.506870515148421e-10
REAL,SFH11,2019,5000,3105.221,30,4301.949,41.813,86.039,698.051,5728.714,2427.721,2282.9,144.821,2086.334,10,10288.667,-2.3388446734884383e-10
REAL,SFH12,2019,5000,2891.313,0,2182.022,21.208,43.64,2817.978,8106.644,0,0,0,2182.022,10,10288.667,0
REAL,SFH12,2019,5000,2891.313,5,3604.306,35.032,72.086,1395.694,6494.739,1565.962,1473.735,92.227,2182.022,10,10288.667,-2.6375623907171075e-10
REAL,SFH12,2019,5000,2891.313,6,3739.585,36.347,74.792,1260.415,6346.499,1714.202,1612.613,100.986,2182.022,10,10288.667,-3.152066385680996e-10
REAL,SFH12,2019,5000,2891.313,7,3834.105,37.265,76.682,1165.895,6241.45,1819.251,1710.447,107.201,2182.022,10,10288.667,-3.320976826870492e-10
REAL,SFH12,2019,5000,2891.313,8,3908.338,37.987,78.167,1091.662,6159.264,1901.437,1786.758,112.076,2182.022,10,10288.667,-3.7188829793421974e-10
REAL,SFH12,2019,5000,2891.313,9,3966.726,38.554,79.335,1033.274,6095.053,1965.648,1846.34,115.903,2182.022,10,10288.667,-3.419895477918544e-10
REAL,SFH12,2019,5000,2891.313,10,4039.399,39.261,80.788,960.601,6016.335,2044.365,1920.357,120.604,2182.022,10,10288.667,-3.068305609588151e-10
REAL,SFH12,2019,5000,2891.313,11,4079.816,39.653,81.596,920.184,5972.369,2088.332,1961.66,123.267,2182.022,10,10288.667,-5.889075893605877e-10
REAL,SFH12,2019,5000,2891.313,12,4113.278,39.979,82.266,886.722,5935.931,2124.77,1995.876,125.489,2182.022,10,10288.667,-3.2452973641738936e-10
REAL,SFH12,2019,5000,2891.313,13,4143.206,40.27,82.864,856.794,5903.461,2157.24,2026.355,127.481,2182.022,10,10288.667,-2.8075186619958004e-10
REAL,SFH12,2019,5000,2891.313,14,4169.834,40.528,83.397,830.166,5874.544,2186.157,2053.488,129.264,2182.022,10,10288.667,-5.796971791482974e-10
REAL,SFH12,2019,5000,2891.313,15,4194.504,40.768,83.89,805.496,5847.668,2213.033,2078.701,130.927,2182.022,10,10288.667,-3.194107200954477e-10
REAL,SFH12,2019,5000,2891.313,16,4224.973,41.064,84.499,775.027,5814.553,2246.148,2109.787,132.956,2182.022,10,10288.667,-2.481179706137482e-10
REAL,SFH12,2019,5000,2891.313,17,4247.3,41.281,84.946,752.7,5790.282,2270.419,2132.549,134.465,2182.022,10,10288.667,-5.877676123589026e-10
REAL,SFH12,2019,5000,2891.313,18,4268.198,41.484,85.364,731.802,5767.508,2293.193,2153.901,135.887,2182.022,10,10288.667,-3.4868818943323276e-10
REAL,SFH12,2019,5000,2891.313,19,4287.054,41.668,85.741,712.946,5746.928,2313.772,2173.186,137.182,2182.022,10,10288.667,-2.61266119849779e-10
REAL,SFH12,2019,5000,2891.313,20,4303.881,41.831,86.078,696.119,5728.524,2332.177,2190.423,138.349,2182.022,10,10288.667,-5.87852433397984e-10
REAL,SFH12,2019,5000,2891.313,21,4316.703,41.956,86.334,683.297,5714.336,2346.365,2203.693,139.267,2182.022,10,10288.667,-3.288183059169114e-10
REAL,SFH12,2019,5000,2891.313,22,4327.414,42.06,86.548,672.586,5702.501,2358.2,2214.749,140.046,2182.022,10,10288.667,-6.756621928616369e-10
REAL,SFH12,2019,5000,2891.313,23,4336.794,42.151,86.736,663.206,5692.112,2368.589,2224.444,140.74,2182.022,10,10288.667,-5.760552035383171e-10
REAL,SFH12,2019,5000,2891.313,24,4345.658,42.237,86.913,654.342,5682.326,2378.375,2233.571,141.399,2182.022,10,10288.667,-3.247189184207855e-10
REAL,SFH12,2019,5000,2891.313,25,4354.126,42.32,87.083,645.874,5672.968,2387.733,2242.295,142.033,2182.022,10,10288.667,-6.750795478183136e-10
REAL,SFH12,2019,5000,2891.313,26,4362.637,42.402,87.253,637.363,5663.61,2397.091,2251.018,142.668,2182.022,10,10288.667,-5.821831905450381e-10
REAL,SFH12,2019,5000,2891.313,27,4369.823,42.472,87.396,630.177,5655.613,2405.088,2258.46,143.223,2182.022,10,10288.667,-2.973732371458482e-10
REAL,SFH12,2019,5000,2891.313,28,4376.346,42.536,87.527,623.654,5648.314,2412.387,2265.245,143.737,2182.022,10,10288.667,-6.948832620423673e-10
REAL,SFH12,2019,5000,2891.313,29,4382.879,42.599,87.658,617.121,5641.014,2419.686,2272.03,144.252,2182.022,10,10288.667,-5.696212390660094e-10
REAL,SFH12,2019,5000,2891.313,30,4388.745,42.656,87.775,611.255,5634.525,2426.176,2278.052,144.719,2182.022,10,10288.667,-2.781472829838094e-10
REAL,SFH14,2019,5000,2462.973,0,1584.654,15.402,31.693,3415.346,8704.013,0,0,0,1584.654,10,10288.667,0
REAL,SFH14,2019,5000,2462.973,5,2836.24,27.567,56.725,2163.76,7281.041,1375.69,1294.645,81.045,1584.654,10,10288.667,-1.5697743105391737e-10
REAL,SFH14,2019,5000,2462.973,6,2967.462,28.842,59.349,2032.538,7138.026,1518.705,1429.193,89.512,1584.654,10,10288.667,-2.5599233843820457e-10
REAL,SFH14,2019,5000,2462.973,7,3065.643,29.796,61.313,1934.357,7031.028,1625.703,1529.836,95.867,1584.654,10,10288.667,-3.743539367384585e-10
REAL,SFH14,2019,5000,2462.973,8,3142.346,30.542,62.847,1857.654,6947.679,1709.052,1608.217,100.835,1584.654,10,10288.667,-2.2348012329587164e-10
REAL,SFH14,2019,5000,2462.973,9,3203.848,31.14,64.077,1796.152,6880.737,1775.995,1671.153,104.841,1584.654,10,10288.667,-2.851316960317263e-10
REAL,SFH14,2019,5000,2462.973,10,3263.118,31.716,65.262,1736.882,6816.101,1840.63,1731.915,108.715,1584.654,10,10288.667,-3.239952750533348e-10
REAL,SFH14,2019,5000,2462.973,11,3308.479,32.157,66.17,1691.521,6766.847,1889.884,1778.199,111.686,1584.654,10,10288.667,-6.331278834537102e-10
REAL,SFH14,2019,5000,2462.973,12,3349.177,32.552,66.984,1650.823,6722.651,1934.08,1819.72,114.361,1584.654,10,10288.667,-2.669522380926992e-10
REAL,SFH14,2019,5000,2462.973,13,3382.045,32.872,67.641,1617.955,6686.893,1969.838,1853.298,116.54,1584.654,10,10288.667,-2.350509786808175e-10
REAL,SFH14,2019,5000,2462.973,14,3408.803,33.132,68.176,1591.197,6657.661,1999.071,1880.735,118.336,1584.654,10,10288.667,-6.221728687805239e-10
REAL,SFH14,2019,5000,2462.973,15,3434.63,33.383,68.693,1565.37,6629.494,2027.237,1907.168,120.069,1584.654,10,10288.667,-2.6140067888036356e-10
REAL,SFH14,2019,5000,2462.973,16,3459.274,33.622,69.185,1540.726,6602.548,2054.183,1932.45,121.733,1584.654,10,10288.667,-1.9670531870019659e-10
REAL,SFH14,2019,5000,2462.973,17,3481.235,33.836,69.625,1518.765,6578.455,2078.277,1955.049,123.228,1584.654,10,10288.667,-6.290510334849841e-10
REAL,SFH14,2019,5000,2462.973,18,3500.235,34.02,70.005,1499.765,6557.669,2099.062,1974.533,124.529,1584.654,10,10288.667,-2.6808377739939715e-10
REAL,SFH14,2019,5000,2462.973,19,3516.467,34.178,70.329,1483.533,6539.84,2116.891,1991.235,125.656,1584.654,10,10288.667,-1.6791901202850568e-10
REAL,SFH14,2019,5000,2462.973,20,3528.724,34.297,70.574,1471.276,6526.383,2130.348,2003.821,126.527,1584.654,10,10288.667,-6.090550286330654e-10
REAL,SFH14,2019,5000,2462.973,21,3538.15,34.389,70.763,1461.85,6516.021,2140.71,2013.494,127.216,1584.654,10,10288.667,-2.483595551439066e-10
REAL,SFH14,2019,5000,2462.973,22,3545.655,34.462,70.913,1454.345,6507.695,2149.037,2021.251,127.786,1584.654,10,10288.667,-7.038103433387732e-10
REAL,SFH14,2019,5000,2462.973,23,3553.154,34.535,71.063,1446.846,6499.368,2157.363,2029.008,128.355,1584.654,10,10288.667,-5.860658625067572e-10
REAL,SFH14,2019,5000,2462.973,24,3560.424,34.605,71.208,1439.576,6491.379,2165.352,2036.447,128.906,1584.654,10,10288.667,-2.3158386319721558e-10
REAL,SFH14,2019,5000,2462.973,25,3566.014,34.66,71.32,1433.986,6485.233,2171.498,2042.149,129.349,1584.654,10,10288.667,-7.261844459094391e-10
REAL,SFH14,2019,5000,2462.973,26,3570.744,34.706,71.415,1429.256,6479.996,2176.735,2046.995,129.74,1584.654,10,10288.667,-5.793063806436294e-10
REAL,SFH14,2019,5000,2462.973,27,3575.499,34.752,71.51,1424.501,6474.768,2181.964,2051.833,130.13,1584.654,10,10288.667,-1.9018475683196812e-10
REAL,SFH14,2019,5000,2462.973,28,3579.679,34.792,71.594,1420.321,6470.18,2186.551,2056.069,130.482,1584.654,10,10288.667,-7.290266168524795e-10
REAL,SFH14,2019,5000,2462.973,29,3583.488,34.829,71.67,1416.512,6465.974,2190.757,2059.946,130.811,1584.654,10,10288.667,-5.456537444104015e-10
REAL,SFH14,2019,5000,2462.973,30,3587.264,34.866,71.745,1412.736,6461.769,2194.962,2063.823,131.14,1584.654,10,10288.667,-1.5589085577971673e-10
REAL,SFH16,2019,5000,2160.317,0,1935.343,18.81,38.707,3064.657,8353.324,0,0,0,1935.343,10,10288.667,0
REAL,SFH16,2019,5000,2160.317,5,3285.659,31.935,65.713,1714.341,6823.249,1483.663,1396.275,87.388,1935.343,10,10288.667,-1.806826910311088e-10
REAL,SFH16,2019,5000,2160.317,6,3438.903,33.424,68.778,1561.097,6656.601,1650.311,1553.069,97.242,1935.343,10,10288.667,-2.710233704128484e-10
REAL,SFH16,2019,5000,2160.317,7,3546.862,34.473,70.937,1453.138,6539.031,1767.881,1663.664,104.218,1935.343,10,10288.667,-3.471585241499042e-10
REAL,SFH16,2019,5000,2160.317,8,3631.114,35.292,72.622,1368.886,6447.25,1859.662,1749.982,109.68,1935.343,10,10288.667,-2.7579638572916565e-10
REAL,SFH16,2019,5000,2160.317,9,3696.007,35.923,73.92,1303.993,6376.537,1930.375,1816.467,113.908,1935.343,10,10288.667,-3.0032121234313536e-10
REAL,SFH16,2019,5000,2160.317,10,3781.955,36.758,75.639,1218.045,6283.591,2023.321,1903.879,119.442,1935.343,10,10288.667,-2.539236598764205e-10
REAL,SFH16,2019,5000,2160.317,11,3828.391,37.21,76.568,1171.609,6232.856,2074.056,1951.558,122.499,1935.343,10,10288.667,-5.942740743947184e-10
REAL,SFH16,2019,5000,2160.317,12,3869.778,37.612,77.396,1130.222,6187.561,2119.351,1994.114,125.237,1935.343,10,10288.667,-2.844273705449041e-10
REAL,SFH16,2019,5000,2160.317,13,3906.794,37.972,78.136,1093.206,6147.323,2159.589,2031.91,127.679,1935.343,10,10288.667,-1.6301138217045263e-10
REAL,SFH16,2019,5000,2160.317,14,3940.077,38.295,78.802,1059.923,6111.188,2195.724,2065.843,129.881,1935.343,10,10288.667,-5.927157653573545e-10
REAL,SFH16,2019,5000,2160.317,15,3965.304,38.541,79.306,1034.696,6083.567,2223.345,2091.762,131.583,1935.343,10,10288.667,-2.918472130630789e-10
REAL,SFH16,2019,5000,2160.317,16,3993.065,38.81,79.861,1006.935,6053.24,2253.672,2120.228,133.444,1935.343,10,10288.667,-1.494699919390996e-10
REAL,SFH16,2019,5000,2160.317,17,4012.111,38.995,80.242,987.889,6032.415,2274.497,2139.749,134.747,1935.343,10,10288.667,-5.964115867840292e-10
REAL,SFH16,2019,5000,2160.317,18,4029.972,39.169,80.599,970.028,6012.817,2294.095,2158.117,135.978,1935.343,10,10288.667,-3.040283580446612e-10
REAL,SFH16,2019,5000,2160.317,19,4046.952,39.334,80.939,953.048,5994.189,2312.723,2175.57,137.153,1935.343,10,10288.667,-1.373454683317732e-10
REAL,SFH16,2019,5000,2160.317,20,4064.062,39.5,81.281,935.938,5975.58,2331.332,2193.005,138.327,1935.343,10,10288.667,-5.880169684502334e-10
REAL,SFH16,2019,5000,2160.317,21,4079.327,39.649,81.587,920.673,5958.942,2347.97,2208.585,139.385,1935.343,10,10288.667,-2.825770728520638e-10
REAL,SFH16,2019,5000,2160.317,22,4093.891,39.79,81.878,906.109,5942.954,2363.958,2223.553,140.405,1935.343,10,10288.667,-7.557809933445014e-10
REAL,SFH16,2019,5000,2160.317,23,4107.051,39.918,82.141,892.949,5928.448,2378.464,2237.125,141.339,1935.343,10,10288.667,-5.674383185549914e-10
REAL,SFH16,2019,5000,2160.317,24,4119.97,40.044,82.399,880.03,5914.381,2392.532,2250.285,142.247,1935.343,10,10288.667,-2.8403790430786557e-10
REAL,SFH16,2019,5000,2160.317,25,4131.355,40.154,82.627,868.645,5901.943,2404.969,2261.91,143.059,1935.343,10,10288.667,-7.531895107604214e-10
REAL,SFH16,2019,5000,2160.317,26,4139.836,40.237,82.797,860.164,5892.612,2414.3,2270.612,143.688,1935.343,10,10288.667,-5.719906770451644e-10
REAL,SFH16,2019,5000,2160.317,27,4146.839,40.305,82.937,853.161,5884.908,2422.004,2277.784,144.22,1935.343,10,10288.667,-2.476454596944677e-10
REAL,SFH16,2019,5000,2160.317,28,4153.512,40.37,83.07,846.488,5877.615,2429.297,2284.569,144.727,1935.343,10,10288.667,-7.520539746508348e-10
REAL,SFH16,2019,5000,2160.317,29,4159.491,40.428,83.19,840.509,5871.088,2435.824,2290.635,145.189,1935.343,10,10288.667,-5.432969629737272e-10
REAL,SFH16,2019,5000,2160.317,30,4164.728,40.479,83.295,835.272,5865.337,2441.575,2295.969,145.605,1935.343,10,10288.667,-2.2281598788254087e-10
REAL,SFH18,2019,5000,2946.172,0,1963.624,19.085,39.272,3036.376,8325.043,0,0,0,1963.624,10,10288.667,0
REAL,SFH18,2019,5000,2946.172,5,3433.134,33.368,68.663,1566.866,6664.102,1615.008,1519.034,95.069,1963.624,10,10288.667,-2.5082691479383357e-10
REAL,SFH18,2019,5000,2946.172,6,3588.707,34.88,71.774,1411.293,6493.894,1785.216,1678.443,105.11,1963.624,10,10288.667,-2.955347078170689e-10
REAL,SFH18,2019,5000,2946.172,7,3705.4,36.014,74.108,1294.6,6365.567,1913.543,1798.6,112.703,1963.624,10,10288.667,-3.181743757352251e-10
REAL,SFH18,2019,5000,2946.172,8,3795.492,36.89,75.91,1204.508,6267.179,2011.931,1891.132,118.558,1963.624,10,10288.667,-3.6254954594028277e-10
REAL,SFH18,2019,5000,2946.172,9,3866.958,37.585,77.339,1133.042,6189.556,2089.554,1964.118,123.195,1963.624,10,10288.667,-3.3891156547838364e-10
REAL,SFH18,2019,5000,2946.172,10,3938.515,38.28,78.77,1061.485,6111.565,2167.545,2037.358,127.852,1963.624,10,10288.667,-2.7421531711979696e-10
REAL,SFH18,2019,5000,2946.172,11,3982.206,38.705,79.644,1017.794,6062.845,2216.265,2082.163,130.767,1963.624,10,10288.667,-5.976676931140901e-10
REAL,SFH18,2019,5000,2946.172,12,4017.306,39.046,80.346,982.694,6023.664,2255.447,2117.989,133.123,1963.624,10,10288.667,-3.2801139582261385e-10
REAL,SFH18,2019,5000,2946.172,13,4049.684,39.361,80.994,950.316,5987.514,2291.596,2150.961,135.301,1963.624,10,10288.667,-2.2227819584941244e-10
REAL,SFH18,2019,5000,2946.172,14,4078.32,39.639,81.566,921.68,5955.666,2323.444,2180.125,137.235,1963.624,10,10288.667,-5.915206102713455e-10
REAL,SFH18,2019,5000,2946.172,15,4104.887,39.897,82.098,895.113,5926.805,2352.305,2207.206,139.014,1963.624,10,10288.667,-3.310534069100868e-10
REAL,SFH18,2019,5000,2946.172,16,4133.072,40.171,82.661,866.928,5895.544,2383.566,2235.923,140.916,1963.624,10,10288.667,-2.1113066850375617e-10
REAL,SFH18,2019,5000,2946.172,17,4156.861,40.402,83.137,843.139,5869.77,2409.34,2260.098,142.514,1963.624,10,10288.667,-5.986784401557088e-10
REAL,SFH18,2019,5000,2946.172,18,4178.017,40.608,83.56,821.983,5846.675,2432.436,2281.754,143.954,1963.624,10,10288.667,-3.3662139742318686e-10
REAL,SFH18,2019,5000,2946.172,19,4196.848,40.791,83.937,803.152,5826.092,2453.018,2301.043,145.248,1963.624,10,10288.667,-2.204929572258152e-10
REAL,SFH18,2019,5000,2946.172,20,4212.52,40.943,84.25,787.48,5809.021,2470.09,2317.027,146.335,1963.624,10,10288.667,-5.953335602271181e-10
REAL,SFH18,2019,5000,2946.172,21,4224.823,41.063,84.496,775.177,5795.522,2483.588,2329.649,147.212,1963.624,10,10288.667,-3.2037483777003217e-10
REAL,SFH18,2019,5000,2946.172,22,4234.749,41.159,84.695,765.251,5784.672,2494.438,2339.778,147.932,1963.624,10,10288.667,-7.205711582969343e-10
REAL,SFH18,2019,5000,2946.172,23,4244.185,41.251,84.884,755.815,5774.283,2504.827,2349.473,148.627,1963.624,10,10288.667,-5.801794600301946e-10
REAL,SFH18,2019,5000,2946.172,24,4252.201,41.329,85.044,747.799,5765.554,2513.557,2357.604,149.225,1963.624,10,10288.667,-3.24264171069899e-10
REAL,SFH18,2019,5000,2946.172,25,4259.236,41.397,85.185,740.764,5757.831,2521.28,2364.789,149.763,1963.624,10,10288.667,-7.143912128526608e-10
REAL,SFH18,2019,5000,2946.172,26,4265.957,41.463,85.319,734.043,5750.532,2528.578,2371.574,150.276,1963.624,10,10288.667,-5.840261607659158e-10
REAL,SFH18,2019,5000,2946.172,27,4272.214,41.523,85.444,727.786,5743.635,2535.475,2377.981,150.766,1963.624,10,10288.667,-2.928217668340949e-10
REAL,SFH18,2019,5000,2946.172,28,4277.213,41.572,85.544,722.787,5738.16,2540.95,2383.051,151.172,1963.624,10,10288.667,-7.195293250106261e-10
REAL,SFH18,2019,5000,2946.172,29,4281.984,41.618,85.64,718.016,5732.923,2546.187,2387.896,151.564,1963.624,10,10288.667,-5.551052950636404e-10
REAL,SFH18,2019,5000,2946.172,30,4286.74,41.665,85.735,713.26,5727.687,2551.424,2392.74,151.956,1963.624,10,10288.667,-2.5867041841820537e-10
REAL,SFH19,2019,5000,3425.755,0,2096.171,20.374,41.923,2903.829,8192.495,0,0,0,2096.171,10,10288.667,0
REAL,SFH19,2019,5000,3425.755,5,3618.964,35.174,72.379,1381.036,6479.506,1667.51,1569.357,98.153,2096.171,10,10288.667,-2.7233071353549576e-10
REAL,SFH19,2019,5000,3425.755,6,3815.657,37.086,76.313,1184.343,6264.008,1883.008,1772.135,110.873,2096.171,10,10288.667,-2.819238731355256e-10
REAL,SFH19,2019,5000,3425.755,7,3954.359,38.434,79.087,1045.641,6112.108,2034.908,1915.044,119.864,2096.171,10,10288.667,-2.723394842973903e-10
REAL,SFH19,2019,5000,3425.755,8,4050.215,39.366,81.004,949.785,6007.139,2139.877,2013.773,126.104,2096.171,10,10288.667,-3.908089962756378e-10
REAL,SFH19,2019,5000,3425.755,9,4125.635,40.099,82.513,874.365,5924.526,2222.49,2091.457,131.033,2096.171,10,10288.667,-3.279537752476358e-10
REAL,SFH19,2019,5000,3425.755,10,4188.7,40.712,83.774,811.3,5855.649,2291.367,2156.207,135.16,2096.171,10,10288.667,-2.412177124710979e-10
REAL,SFH19,2019,5000,3425.755,11,4236.399,41.175,84.728,763.601,5803.602,2343.413,2205.115,138.298,2096.171,10,10288.667,-5.894382759663586e-10
REAL,SFH19,2019,5000,3425.755,12,4278.531,41.585,85.571,721.469,5757.593,2389.422,2248.339,141.084,2096.171,10,10288.667,-3.2600588895093097e-10
REAL,SFH19,2019,5000,3425.755,13,4313.227,41.922,86.265,686.773,5719.783,2427.233,2283.844,143.388,2096.171,10,10288.667,-2.2584578651674292e-10
REAL,SFH19,2019,5000,3425.755,14,4342.63,42.208,86.853,657.37,5687.665,2459.351,2313.99,145.36,2096.171,10,10288.667,-5.791126467258323e-10
REAL,SFH19,2019,5000,3425.755,15,4367.775,42.452,87.356,632.225,5660.143,2486.872,2339.809,147.063,2096.171,10,10288.667,-3.334736931037696e-10
REAL,SFH19,2019,5000,3425.755,16,4392.344,42.691,87.847,607.656,5633.323,2513.693,2364.967,148.726,2096.171,10,10288.667,-2.1795720783757133e-10
REAL,SFH19,2019,5000,3425.755,17,4413.392,42.896,88.268,586.608,5610.289,2536.727,2386.561,150.167,2096.171,10,10288.667,-5.875469000216071e-10
REAL,SFH19,2019,5000,3425.755,18,4431.962,43.076,88.639,568.038,5589.857,2557.159,2405.704,151.455,2096.171,10,10288.667,-3.3575719982081864e-10
REAL,SFH19,2019,5000,3425.755,19,4447.314,43.225,88.946,552.686,5573.019,2573.997,2421.465,152.532,2096.171,10,10288.667,-2.1067814159891896e-10
REAL,SFH19,2019,5000,3425.755,20,4459.42,43.343,89.188,540.58,5559.765,2587.251,2433.853,153.398,2096.171,10,10288.667,-5.64166491301421e-10
REAL,SFH19,2019,5000,3425.755,21,4470.709,43.453,89.414,529.291,5547.329,2599.687,2445.472,154.215,2096.171,10,10288.667,-3.3044633696022174e-10
REAL,SFH19,2019,5000,3425.755,22,4481.436,43.557,89.629,518.564,5535.452,2611.564,2456.564,155,2096.171,10,10288.667,-7.029301585248504e-10
REAL,SFH19,2019,5000,3425.755,23,4490.915,43.649,89.818,509.085,5525.004,2622.011,2466.31,155.701,2096.171,10,10288.667,-5.612470488358667e-10
REAL,SFH19,2019,5000,3425.755,24,4500.311,43.74,90.006,499.689,5514.674,2632.342,2475.945,156.396,2096.171,10,10288.667,-3.176481300215528e-10
REAL,SFH19,2019,5000,3425.755,25,4508.389,43.819,90.168,491.611,5505.739,2641.276,2484.267,157.009,2096.171,10,10288.667,-6.817058029184864e-10
REAL,SFH19,2019,5000,3425.755,26,4514.963,43.883,90.299,485.037,5498.44,2648.576,2491.051,157.525,2096.171,10,10288.667,-5.534617208979853e-10
REAL,SFH19,2019,5000,3425.755,27,4521.266,43.944,90.425,478.734,5491.479,2655.536,2497.516,158.021,2096.171,10,10288.667,-2.993507663973105e-10
REAL,SFH19,2019,5000,3425.755,28,4525.976,43.99,90.52,474.024,5486.241,2660.774,2502.36,158.414,2096.171,10,10288.667,-7.095097842579889e-10
REAL,SFH19,2019,5000,3425.755,29,4530.666,44.036,90.613,469.334,5481.004,2666.012,2507.205,158.807,2096.171,10,10288.667,-5.411719961045947e-10
REAL,SFH19,2019,5000,3425.755,30,4535.391,44.081,90.708,464.609,5475.766,2671.25,2512.049,159.201,2096.171,10,10288.667,-2.600395454521731e-10
REAL,SFH20,2019,5000,3046.445,0,2099.179,20.403,41.984,2900.821,8189.487,0,0,0,2099.179,10,10288.667,0
REAL,SFH20,2019,5000,3046.445,5,3525.32,34.264,70.506,1474.68,6574.902,1568.889,1476.504,92.385,2099.179,10,10288.667,-2.5127533387347967e-10
REAL,SFH20,2019,5000,3046.445,6,3675.501,35.724,73.51,1324.499,6410.871,1732.92,1630.831,102.089,2099.179,10,10288.667,-2.888485006735664e-10
REAL,SFH20,2019,5000,3046.445,7,3780.737,36.747,75.615,1219.263,6296.231,1847.56,1738.665,108.895,2099.179,10,10288.667,-2.733668846843784e-10
REAL,SFH20,2019,5000,3046.445,8,3860.607,37.523,77.212,1139.393,6209.272,1934.519,1820.441,114.078,2099.179,10,10288.667,-3.8183467498953405e-10
REAL,SFH20,2019,5000,3046.445,9,3921.208,38.112,78.424,1078.792,6143.187,2000.604,1882.566,118.038,2099.179,10,10288.667,-3.226257039301572e-10
REAL,SFH20,2019,5000,3046.445,10,3978.566,38.669,79.571,1021.434,6080.589,2063.202,1941.406,121.796,2099.179,10,10288.667,-2.384831221391437e-10
REAL,SFH20,2019,5000,3046.445,11,4021.919,39.091,80.438,978.081,6033.327,2110.464,1985.81,124.654,2099.179,10,10288.667,-5.960423266060388e-10
REAL,SFH20,2019,5000,3046.445,12,4056.659,39.428,81.133,943.341,5995.508,2148.283,2021.325,126.958,2099.179,10,10288.667,-3.0211844137539856e-10
REAL,SFH20,2019,5000,3046.445,13,4086.317,39.717,81.726,913.683,5963.202,2180.589,2051.649,128.94,2099.179,10,10288.667,-2.060273063264617e-10
REAL,SFH20,2019,5000,3046.445,14,4111.436,39.961,82.229,888.564,5935.684,2208.107,2077.467,130.64,2099.179,10,10288.667,-5.847646811218965e-10
REAL,SFH20,2019,5000,3046.445,15,4132.817,40.169,82.656,867.183,5912.186,2231.605,2099.5,132.105,2099.179,10,10288.667,-3.0305713494271913e-10
REAL,SFH20,2019,5000,3046.445,16,4153.786,40.372,83.076,846.214,5889.239,2254.552,2121.013,133.539,2099.179,10,10288.667,-1.804667526528192e-10
REAL,SFH20,2019,5000,3046.445,17,4172.061,40.55,83.441,827.939,5869.141,2274.65,2139.845,134.805,2099.179,10,10288.667,-5.841160888309105e-10
REAL,SFH20,2019,5000,3046.445,18,4189.647,40.721,83.793,810.353,5849.891,2293.9,2157.878,136.022,2099.179,10,10288.667,-3.050324437481322e-10
REAL,SFH20,2019,5000,3046.445,19,4204.753,40.868,84.095,795.247,5833.354,2310.437,2173.358,137.079,2099.179,10,10288.667,-1.93135063497607e-10
REAL,SFH20,2019,5000,3046.445,20,4215.648,40.974,84.313,784.352,5821.469,2322.322,2184.46,137.862,2099.179,10,10288.667,-5.732494479104844e-10
REAL,SFH20,2019,5000,3046.445,21,4225.972,41.074,84.519,774.028,5810.192,2333.599,2194.99,138.609,2099.179,10,10288.667,-2.9196556283750397e-10
REAL,SFH20,2019,5000,3046.445,22,4235.433,41.166,84.709,764.567,5799.835,2343.956,2204.655,139.301,2099.179,10,10288.667,-7.02179203670994e-10
REAL,SFH20,2019,5000,3046.445,23,4243.076,41.24,84.862,756.924,5791.42,2352.371,2212.492,139.879,2099.179,10,10288.667,-5.584230855504302e-10
REAL,SFH20,2019,5000,3046.445,24,4249.025,41.298,84.981,750.975,5784.843,2358.948,2218.599,140.348,2099.179,10,10288.667,-2.8949687091994747e-10
REAL,SFH20,2019,5000,3046.445,25,4254.621,41.353,85.092,745.379,5778.575,2365.215,2224.416,140.799,2099.179,10,10288.667,-6.98778812591172e-10
REAL,SFH20,2019,5000,3046.445,26,4260.25,41.407,85.205,739.75,5772.308,2371.483,2230.233,141.25,2099.179,10,10288.667,-5.616676013175947e-10
REAL,SFH20,2019,5000,3046.445,27,4265.932,41.462,85.319,734.068,5766.04,2377.751,2236.05,141.701,2099.179,10,10288.667,-2.606763693790981e-10
REAL,SFH20,2019,5000,3046.445,28,4271.245,41.514,85.425,728.755,5760.232,2383.559,2241.434,142.125,2099.179,10,10288.667,-7.112936906139566e-10
REAL,SFH20,2019,5000,3046.445,29,4276.013,41.56,85.52,723.987,5754.994,2388.797,2246.281,142.515,2099.179,10,10288.667,-5.31891419797148e-10
REAL,SFH20,2019,5000,3046.445,30,4280.774,41.607,85.615,719.226,5749.757,2394.034,2251.128,142.906,2099.179,10,10288.667,-2.356865813624154e-10
REAL,SFH21,2019,5000,2794.642,0,1927.59,18.735,38.552,3072.41,8361.077,0,0,0,1927.59,11,10288.667,0
REAL,SFH21,2019,5000,2794.642,5,3461.613,33.645,69.232,1538.387,6641.815,1673.897,1575.385,98.513,1927.59,11,10288.667,-2.465126158757158e-10
REAL,SFH21,2019,5000,2794.642,6,3652.625,35.501,73.053,1347.375,6432.382,1883.33,1772.457,110.873,1927.59,11,10288.667,-2.5669927294913464e-10
REAL,SFH21,2019,5000,2794.642,7,3795.298,36.888,75.906,1204.702,6275.277,2040.436,1920.271,120.165,1927.59,11,10288.667,-2.5350532784074176e-10
REAL,SFH21,2019,5000,2794.642,8,3904.554,37.95,78.091,1095.446,6154.955,2160.757,2033.456,127.301,1927.59,11,10288.667,-3.8215680620012904e-10
REAL,SFH21,2019,5000,2794.642,9,3990.441,38.785,79.809,1009.559,6060.538,2255.174,2122.255,132.919,1927.59,11,10288.667,-3.206347409800969e-10
REAL,SFH21,2019,5000,2794.642,10,4065.597,39.515,81.312,934.403,5978.176,2337.536,2199.7,137.836,1927.59,11,10288.667,-2.2178825442864536e-10
REAL,SFH21,2019,5000,2794.642,11,4119.243,40.037,82.385,880.757,5918.96,2396.752,2254.806,141.376,1927.59,11,10288.667,-5.881586329081756e-10
REAL,SFH21,2019,5000,2794.642,12,4156.613,40.4,83.132,843.387,5877.173,2438.54,2293.089,143.881,1927.59,11,10288.667,-3.2835023588972945e-10
REAL,SFH21,2019,5000,2794.642,13,4186.577,40.691,83.732,813.423,5843.507,2472.205,2323.844,145.914,1927.59,11,10288.667,-2.223923267763439e-10
REAL,SFH21,2019,5000,2794.642,14,4211.167,40.93,84.223,788.833,5816.716,2498.996,2348.979,147.569,1927.59,11,10288.667,-5.886189313741852e-10
REAL,SFH21,2019,5000,2794.642,15,4232.48,41.137,84.65,767.52,5793.57,2522.143,2370.685,149.01,1927.59,11,10288.667,-3.411182447621286e-10
REAL,SFH21,2019,5000,2794.642,16,4255.592,41.362,85.112,744.408,5768.013,2547.699,2394.266,150.582,1927.59,11,10288.667,-2.1203083733212225e-10
REAL,SFH21,2019,5000,2794.642,17,4275.488,41.555,85.51,724.512,5746.291,2569.421,2414.63,151.94,1927.59,11,10288.667,-5.918319168074504e-10
REAL,SFH21,2019,5000,2794.642,18,4294.009,41.735,85.88,705.991,5726.067,2589.646,2433.584,153.21,1927.59,11,10288.667,-3.359086342413775e-10
REAL,SFH21,2019,5000,2794.642,19,4311.238,41.903,86.225,688.762,5707.134,2608.579,2451.323,154.405,1927.59,11,10288.667,-2.0556623070433488e-10
REAL,SFH21,2019,5000,2794.642,20,4326.371,42.05,86.527,673.629,5690.47,2625.242,2466.925,155.466,1927.59,11,10288.667,-5.755653731398525e-10
REAL,SFH21,2019,5000,2794.642,21,4341.459,42.197,86.829,658.541,5673.902,2641.81,2482.437,156.522,1927.59,11,10288.667,-3.417426341911778e-10
REAL,SFH21,2019,5000,2794.642,22,4355.098,42.329,87.102,644.902,5658.882,2656.83,2496.492,157.488,1927.59,11,10288.667,-7.241052202289211e-10
REAL,SFH21,2019,5000,2794.642,23,4367.004,42.445,87.34,632.996,5645.776,2669.936,2508.743,158.342,1927.59,11,10288.667,-5.725215856955401e-10
REAL,SFH21,2019,5000,2794.642,24,4376.933,42.541,87.539,623.067,5634.86,2680.852,2518.934,159.067,1927.59,11,10288.667,-3.3085090223039515e-10
REAL,SFH21,2019,5000,2794.642,25,4385.452,42.624,87.709,614.548,5625.447,2690.265,2527.711,159.704,1927.59,11,10288.667,-7.180713801346883e-10
REAL,SFH21,2019,5000,2794.642,26,4393.368,42.701,87.867,606.632,5616.71,2699.002,2535.85,160.302,1927.59,11,10288.667,-5.728488794431996e-10
REAL,SFH21,2019,5000,2794.642,27,4400.261,42.768,88.005,599.739,5609.075,2706.637,2542.952,160.834,1927.59,11,10288.667,-3.153703964642318e-10
REAL,SFH21,2019,5000,2794.642,28,4406.867,42.832,88.137,593.133,5601.78,2713.933,2549.735,161.347,1927.59,11,10288.667,-7.4051698106814e-10
REAL,SFH21,2019,5000,2794.642,29,4412.797,42.89,88.256,587.203,5595.162,2720.551,2555.879,161.821,1927.59,11,10288.667,-5.626188404050936e-10
REAL,SFH21,2019,5000,2794.642,30,4418.21,42.942,88.364,581.79,5589.154,2726.558,2561.449,162.259,1927.59,11,10288.667,-2.851638924994404e-10
REAL,SFH22,2019,5000,3132.804,0,2010.645,19.542,40.213,2989.355,8278.022,0,0,0,2010.645,10,10288.667,0
REAL,SFH22,2019,5000,3132.804,5,3509.728,34.113,70.195,1490.272,6592.916,1640.128,1543.592,96.537,2010.645,10,10288.667,-2.52499493536007e-10
REAL,SFH22,2019,5000,3132.804,6,3681.681,35.784,73.634,1318.319,6404.092,1828.952,1721.262,107.69,2010.645,10,10288.667,-2.8162727705449697e-10
REAL,SFH22,2019,5000,3132.804,7,3807.324,37.005,76.146,1192.676,6265.413,1967.632,1851.157,115.886,2010.645,10,10288.667,-2.7878310771001225e-10
REAL,SFH22,2019,5000,3132.804,8,3904.258,37.947,78.085,1095.742,6158.075,2074.97,1951.149,122.232,2010.645,10,10288.667,-3.79241749115522e-10
REAL,SFH22,2019,5000,3132.804,9,3975.921,38.644,79.518,1024.079,6078.656,2154.389,2025.047,126.948,2010.645,10,10288.667,-3.249107649594407e-10
REAL,SFH22,2019,5000,3132.804,10,4041.592,39.282,80.832,958.408,6006.653,2226.392,2092.515,131.25,2010.645,10,10288.667,-2.295199585944374e-10
REAL,SFH22,2019,5000,3132.804,11,4087.85,39.732,81.757,912.15,5955.118,2277.927,2139.972,134.329,2010.645,10,10288.667,-5.646474399156887e-10
REAL,SFH22,2019,5000,3132.804,12,4124.351,40.086,82.487,875.649,5914.288,2318.757,2177.35,136.781,2010.645,10,10288.667,-3.064046794065689e-10
REAL,SFH22,2019,5000,3132.804,13,4155.874,40.393,83.117,844.126,5879.33,2353.715,2209.599,138.901,2010.645,10,10288.667,-2.035216439821852e-10
REAL,SFH22,2019,5000,3132.804,14,4183.11,40.657,83.662,816.89,5849.558,2383.487,2237.539,140.733,2010.645,10,10288.667,-5.659304136429455e-10
REAL,SFH22,2019,5000,3132.804,15,4207.342,40.893,84.147,792.658,5822.932,2410.112,2262.517,142.381,2010.645,10,10288.667,-3.1678037970550577e-10
REAL,SFH22,2019,5000,3132.804,16,4230.056,41.114,84.601,769.944,5797.414,2435.63,2285.918,143.948,2010.645,10,10288.667,-1.9314327914798923e-10
REAL,SFH22,2019,5000,3132.804,17,4250.09,41.308,85.002,749.91,5775.416,2457.629,2306.541,145.323,2010.645,10,10288.667,-5.739515529512573e-10
REAL,SFH22,2019,5000,3132.804,18,4268.061,41.483,85.361,731.939,5755.69,2477.355,2325.024,146.566,2010.645,10,10288.667,-3.276188209611064e-10
REAL,SFH22,2019,5000,3132.804,19,4284.694,41.645,85.694,715.306,5737.466,2495.579,2342.093,147.721,2010.645,10,10288.667,-1.9843415799414288e-10
REAL,SFH22,2019,5000,3132.804,20,4298.57,41.78,85.971,701.43,5722.286,2510.758,2356.296,148.698,2010.645,10,10288.667,-5.619336107542949e-10
REAL,SFH22,2019,5000,3132.804,21,4311.109,41.902,86.222,688.891,5708.555,2524.489,2369.135,149.589,2010.645,10,10288.667,-3.190043784684349e-10
REAL,SFH22,2019,5000,3132.804,22,4322.412,42.011,86.448,677.588,5696.138,2536.907,2380.738,150.404,2010.645,10,10288.667,-7.024496539997926e-10
REAL,SFH22,2019,5000,3132.804,23,4331.248,42.097,86.625,668.752,5686.421,2546.623,2389.798,151.06,2010.645,10,10288.667,-5.461071594936584e-10
REAL,SFH22,2019,5000,3132.804,24,4338.798,42.171,86.776,661.202,5678.054,2554.991,2397.589,151.637,2010.645,10,10288.667,-3.06416225726025e-10
REAL,SFH22,2019,5000,3132.804,25,4345.358,42.234,86.907,654.642,5670.756,2562.288,2404.373,152.15,2010.645,10,10288.667,-6.84769574377242e-10
REAL,SFH22,2019,5000,3132.804,26,4351.149,42.291,87.023,648.851,5664.318,2568.726,2410.349,152.613,2010.645,10,10288.667,-5.51946044424767e-10
REAL,SFH22,2019,5000,3132.804,27,4355.858,42.336,87.117,644.142,5659.08,2573.964,2415.195,153.004,2010.645,10,10288.667,-2.942197596667029e-10
REAL,SFH22,2019,5000,3132.804,28,4360.57,42.382,87.211,639.43,5653.842,2579.203,2420.041,153.396,2010.645,10,10288.667,-7.057554540779165e-10
REAL,SFH22,2019,5000,3132.804,29,4365.277,42.428,87.306,634.723,5648.604,2584.441,2424.887,153.789,2010.645,10,10288.667,-5.353841814326188e-10
REAL,SFH22,2019,5000,3132.804,30,4370.036,42.474,87.401,629.964,5643.367,2589.678,2429.732,154.181,2010.645,10,10288.667,-2.552189570792507e-10
REAL,SFH23,2019,5000,3121.938,0,1933.778,18.795,38.676,3066.222,8354.888,0,0,0,1933.778,10,10288.667,0
REAL,SFH23,2019,5000,3121.938,5,3464.072,33.669,69.281,1535.928,6637.974,1671.546,1573.167,98.38,1933.778,10,10288.667,-2.4906854356743224e-10
REAL,SFH23,2019,5000,3121.938,6,3667.591,35.647,73.352,1332.409,6414.52,1895,1782.856,111.545,1933.778,10,10288.667,-2.665002662993743e-10
REAL,SFH23,2019,5000,3121.938,7,3815.182,37.081,76.304,1184.818,6251.749,2057.771,1935.032,121.14,1933.778,10,10288.667,-2.6607027692193697e-10
REAL,SFH23,2019,5000,3121.938,8,3926.373,38.162,78.527,1073.627,6128.827,2180.694,2049.695,128.4,1933.778,10,10288.667,-4.0558623126685234e-10
REAL,SFH23,2019,5000,3121.938,9,4009.595,38.971,80.192,990.405,6037.192,2272.329,2135.261,133.838,1933.778,10,10288.667,-3.2882319089821976e-10
REAL,SFH23,2019,5000,3121.938,10,4078.945,39.645,81.579,921.055,5961.283,2348.237,2206.631,138.376,1933.778,10,10288.667,-2.2589663473127075e-10
REAL,SFH23,2019,5000,3121.938,11,4127.779,40.12,82.556,872.221,5907.811,2401.709,2256.883,141.596,1933.778,10,10288.667,-5.975477890274306e-10
REAL,SFH23,2019,5000,3121.938,12,4166.291,40.494,83.326,833.709,5865.366,2444.154,2296.525,144.164,1933.778,10,10288.667,-3.2671909622195017e-10
REAL,SFH23,2019,5000,3121.938,13,4198.93,40.811,83.979,801.07,5828.525,2480.995,2330.15,146.379,1933.778,10,10288.667,-2.1045831744004317e-10
REAL,SFH23,2019,5000,3121.938,14,4228.99,41.103,84.58,771.01,5794.825,2514.696,2361.047,148.418,1933.778,10,10288.667,-5.851870099604639e-10
REAL,SFH23,2019,5000,3121.938,15,4257.591,41.381,85.152,742.409,5763.531,2545.989,2390.421,150.337,1933.778,10,10288.667,-3.581543950303967e-10
REAL,SFH23,2019,5000,3121.938,16,4286.317,41.661,85.726,713.683,5731.749,2577.772,2419.909,152.276,1933.778,10,10288.667,-2.3212987088072623e-10
REAL,SFH23,2019,5000,3121.938,17,4310.203,41.893,86.204,689.797,5705.637,2603.883,2444.404,153.893,1933.778,10,10288.667,-6.055573820162863e-10
REAL,SFH23,2019,5000,3121.938,18,4330.807,42.093,86.616,669.193,5683.081,2626.439,2465.551,155.302,1933.778,10,10288.667,-3.503100032276052e-10
REAL,SFH23,2019,5000,3121.938,19,4349.142,42.271,86.983,650.858,5662.987,2646.534,2484.381,156.566,1933.778,10,10288.667,-2.2097523810771236e-10
REAL,SFH23,2019,5000,3121.938,20,4364.563,42.421,87.291,635.437,5646.046,2663.474,2500.24,157.647,1933.778,10,10288.667,-5.840545824753463e-10
REAL,SFH23,2019,5000,3121.938,21,4379.669,42.568,87.593,620.331,5629.491,2680.03,2515.737,158.707,1933.778,10,10288.667,-3.575300056013475e-10
REAL,SFH23,2019,5000,3121.938,22,4393.405,42.701,87.868,606.595,5614.428,2695.092,2529.829,159.677,1933.778,10,10288.667,-7.331353302220123e-10
REAL,SFH23,2019,5000,3121.938,23,4405.537,42.819,88.111,594.463,5601.064,2708.457,2542.324,160.547,1933.778,10,10288.667,-5.86259041313042e-10
REAL,SFH23,2019,5000,3121.938,24,4415.89,42.92,88.318,584.11,5589.698,2719.823,2552.937,161.299,1933.778,10,10288.667,-3.425615346941413e-10
REAL,SFH23,2019,5000,3121.938,25,4423.457,42.993,88.469,576.543,5581.372,2728.149,2560.691,161.872,1933.778,10,10288.667,-7.069962393302376e-10
REAL,SFH23,2019,5000,3121.938,26,4430.955,43.066,88.619,569.045,5573.196,2736.324,2568.302,162.436,1933.778,10,10288.667,-5.705258487864739e-10
REAL,SFH23,2019,5000,3121.938,27,4436.887,43.124,88.738,563.113,5566.65,2742.871,2574.38,162.904,1933.778,10,10288.667,-3.257021319313935e-10
REAL,SFH23,2019,5000,3121.938,28,4440.663,43.161,88.813,559.337,5562.419,2747.102,2578.283,163.233,1933.778,10,10288.667,-7.383054168030867e-10
REAL,SFH23,2019,5000,3121.938,29,4444.452,43.198,88.889,555.548,5558.216,2751.305,2582.159,163.56,1933.778,10,10288.667,-5.67252911309879e-10
REAL,SFH23,2019,5000,3121.938,30,4447.294,43.225,88.946,552.706,5555.035,2754.485,2585.071,163.828,1933.778,10,10288.667,-2.8421442976878097e-10
REAL,SFH27,2019,5000,1146.261,0,2093.505,20.348,41.87,2906.495,8195.161,0,0,0,2093.505,10,10288.667,0
REAL,SFH27,2019,5000,1146.261,5,3587.789,34.871,71.756,1412.211,6510.044,1640.125,1543.212,96.546,2093.505,10,10288.667,-2.867712178833415e-10
REAL,SFH27,2019,5000,1146.261,6,3775.845,36.699,75.517,1224.155,6303.927,1846.241,1736.185,108.688,2093.505,10,10288.667,-2.8607716195949706e-10
REAL,SFH27,2019,5000,1146.261,7,3914.176,38.044,78.284,1085.824,6151.842,1998.327,1878.298,117.661,2093.505,10,10288.667,-2.4658763919660487e-10
REAL,SFH27,2019,5000,1146.261,8,4006.499,38.941,80.13,993.501,6049.688,2100.48,1973.415,123.706,2093.505,10,10288.667,-4.1582381982152583e-10
REAL,SFH27,2019,5000,1146.261,9,4074.386,39.601,81.488,925.614,5975.349,2174.819,2042.992,128.14,2093.505,10,10288.667,-3.277342841556674e-10
REAL,SFH27,2019,5000,1146.261,10,4158.876,40.422,83.178,841.124,5884.25,2265.918,2128.573,133.568,2093.505,10,10288.667,-1.9293411313014985e-10
REAL,SFH27,2019,5000,1146.261,11,4197.496,40.797,83.95,802.504,5840.998,2309.17,2168.231,136.163,2093.505,10,10288.667,-5.712568196258871e-10
REAL,SFH27,2019,5000,1146.261,12,4229.474,41.108,84.589,770.526,5804.91,2345.258,2201.146,138.337,2093.505,10,10288.667,-3.155369299179256e-10
REAL,SFH27,2019,5000,1146.261,13,4257.346,41.379,85.147,742.654,5773.328,2376.841,2229.838,140.248,2093.505,10,10288.667,-1.6939782909730638e-10
REAL,SFH27,2019,5000,1146.261,14,4282.959,41.628,85.659,717.041,5744.871,2405.298,2256.161,141.992,2093.505,10,10288.667,-5.764775323768845e-10
REAL,SFH27,2019,5000,1146.261,15,4306.531,41.857,86.131,693.469,5718.912,2431.257,2280.51,143.601,2093.505,10,10288.667,-3.1811531187031505e-10
REAL,SFH27,2019,5000,1146.261,16,4338.639,42.169,86.773,661.361,5683.724,2466.445,2313.363,145.745,2093.505,10,10288.667,-1.7829737686270164e-10
REAL,SFH27,2019,5000,1146.261,17,4358.06,42.358,87.161,641.94,5662.332,2487.837,2333.413,147.087,2093.505,10,10288.667,-5.884936982170075e-10
REAL,SFH27,2019,5000,1146.261,18,4374.157,42.514,87.483,625.843,5644.598,2505.571,2350.021,148.213,2093.505,10,10288.667,-3.3444891300860036e-10
REAL,SFH27,2019,5000,1146.261,19,4389.414,42.663,87.788,610.586,5627.784,2522.384,2365.762,149.286,2093.505,10,10288.667,-1.915401171004305e-10
REAL,SFH27,2019,5000,1146.261,20,4401.244,42.778,88.025,598.756,5614.75,2535.419,2377.944,150.138,2093.505,10,10288.667,-5.812852421627213e-10
REAL,SFH27,2019,5000,1146.261,21,4412.283,42.885,88.246,587.717,5602.626,2547.542,2389.269,150.937,2093.505,10,10288.667,-3.3369396135185525e-10
REAL,SFH27,2019,5000,1146.261,22,4422.215,42.981,88.444,577.785,5591.78,2558.389,2399.393,151.66,2093.505,10,10288.667,-7.36189775807361e-10
REAL,SFH27,2019,5000,1146.261,23,4431.191,43.069,88.624,568.809,5581.897,2568.272,2408.609,152.327,2093.505,10,10288.667,-5.782334611126316e-10
REAL,SFH27,2019,5000,1146.261,24,4438.989,43.144,88.78,561.011,5573.316,2576.853,2416.599,152.917,2093.505,10,10288.667,-3.2615687928228e-10
REAL,SFH27,2019,5000,1146.261,25,4446.073,43.213,88.921,553.927,5565.501,2584.668,2423.869,153.462,2093.505,10,10288.667,-7.22446991119341e-10
REAL,SFH27,2019,5000,1146.261,26,4452.505,43.276,89.05,547.495,5558.392,2591.776,2430.474,153.966,2093.505,10,10288.667,-5.642784017823033e-10
REAL,SFH27,2019,5000,1146.261,27,4458.152,43.331,89.163,541.848,5552.123,2598.045,2436.288,154.42,2093.505,10,10288.667,-3.050732999554384e-10
REAL,SFH27,2019,5000,1146.261,28,4463.787,43.385,89.276,536.213,5545.874,2604.295,2442.085,154.874,2093.505,10,10288.667,-7.437437332669106e-10
REAL,SFH27,2019,5000,1146.261,29,4468.674,43.433,89.373,531.326,5540.451,2609.718,2447.104,155.278,2093.505,10,10288.667,-5.525278012896706e-10
REAL,SFH27,2019,5000,1146.261,30,4473.392,43.479,89.468,526.608,5535.212,2614.957,2451.949,155.671,2093.505,10,10288.667,-2.6899282801196023e-10
REAL,SFH28,2019,5000,3099.447,0,2143.73,20.836,42.875,2856.27,8144.937,0,0,0,2143.73,10,10288.667,0
REAL,SFH28,2019,5000,3099.447,5,3582.852,34.823,71.657,1417.148,6521.397,1578.347,1485.422,92.926,2143.73,10,10288.667,-2.519470188033779e-10
REAL,SFH28,2019,5000,3099.447,6,3737.104,36.323,74.742,1262.896,6351.774,1747.97,1645.014,102.956,2143.73,10,10288.667,-2.9524954703319395e-10
REAL,SFH28,2019,5000,3099.447,7,3845.396,37.375,76.908,1154.604,6233.069,1866.675,1756.675,110,2143.73,10,10288.667,-3.094086098442972e-10
REAL,SFH28,2019,5000,3099.447,8,3925.452,38.153,78.509,1074.548,6145.14,1954.604,1839.364,115.24,2143.73,10,10288.667,-3.7702713173715097e-10
REAL,SFH28,2019,5000,3099.447,9,3986.041,38.742,79.721,1013.959,6078.407,2021.337,1902.098,119.239,2143.73,10,10288.667,-3.3077540706472064e-10
REAL,SFH28,2019,5000,3099.447,10,4046.048,39.325,80.921,953.952,6012.729,2087.015,1963.835,123.18,2143.73,10,10288.667,-2.5408353199196654e-10
REAL,SFH28,2019,5000,3099.447,11,4088.525,39.738,81.77,911.475,5966.222,2133.522,2007.527,125.995,2143.73,10,10288.667,-6.175234767979987e-10
REAL,SFH28,2019,5000,3099.447,12,4123.49,40.078,82.47,876.51,5928.172,2171.573,2043.258,128.314,2143.73,10,10288.667,-3.2359415147453774e-10
REAL,SFH28,2019,5000,3099.447,13,4154.058,40.375,83.081,845.942,5895.016,2204.728,2074.381,130.346,2143.73,10,10288.667,-2.2353163764421424e-10
REAL,SFH28,2019,5000,3099.447,14,4179.136,40.619,83.583,820.864,5867.662,2232.083,2100.044,132.039,2143.73,10,10288.667,-6.043561207036419e-10
REAL,SFH28,2019,5000,3099.447,15,4200.201,40.824,84.004,799.799,5844.585,2255.159,2121.678,133.481,2143.73,10,10288.667,-3.298046280519884e-10
REAL,SFH28,2019,5000,3099.447,16,4221.307,41.029,84.426,778.693,5821.536,2278.208,2143.287,134.922,2143.73,10,10288.667,-2.2302426572196055e-10
REAL,SFH28,2019,5000,3099.447,17,4239.358,41.204,84.787,760.642,5801.913,2297.831,2161.671,136.16,2143.73,10,10288.667,-6.196692048376917e-10
REAL,SFH28,2019,5000,3099.447,18,4255.446,41.361,85.109,744.554,5784.183,2315.562,2178.274,137.287,2143.73,10,10288.667,-3.388209712795742e-10
REAL,SFH28,2019,5000,3099.447,19,4269.64,41.498,85.393,730.36,5768.639,2331.105,2192.819,138.286,2143.73,10,10288.667,-2.215672090244425e-10
REAL,SFH28,2019,5000,3099.447,20,4283.892,41.637,85.678,716.108,5753.097,2346.648,2207.363,139.285,2143.73,10,10288.667,-6.056208867732948e-10
REAL,SFH28,2019,5000,3099.447,21,4298.099,41.775,85.962,701.901,5737.58,2362.165,2221.882,140.283,2143.73,10,10288.667,-3.2851366071895427e-10
REAL,SFH28,2019,5000,3099.447,22,4310.04,41.891,86.201,689.96,5724.443,2375.301,2234.161,141.14,2143.73,10,10288.667,-7.380129840584004e-10
REAL,SFH28,2019,5000,3099.447,23,4318.861,41.977,86.377,681.139,5714.72,2385.024,2243.228,141.796,2143.73,10,10288.667,-5.916174217190928e-10
REAL,SFH28,2019,5000,3099.447,24,4326.587,42.052,86.532,673.413,5706.22,2393.524,2251.146,142.379,2143.73,10,10288.667,-3.2121372228743894e-10
REAL,SFH28,2019,5000,3099.447,25,4332.159,42.106,86.643,667.841,5700.025,2399.719,2256.894,142.825,2143.73,10,10288.667,-7.325815509773292e-10
REAL,SFH28,2019,5000,3099.447,26,4336.867,42.152,86.737,663.133,5694.788,2404.957,2261.742,143.215,2143.73,10,10288.667,-5.937810243494823e-10
REAL,SFH28,2019,5000,3099.447,27,4341.624,42.198,86.832,658.376,5689.551,2410.194,2266.589,143.605,2143.73,10,10288.667,-2.841509250117724e-10
REAL,SFH28,2019,5000,3099.447,28,4346.389,42.244,86.928,653.611,5684.314,2415.431,2271.436,143.995,2143.73,10,10288.667,-7.404201696203927e-10
REAL,SFH28,2019,5000,3099.447,29,4351.036,42.29,87.021,648.964,5679.145,2420.599,2276.218,144.381,2143.73,10,10288.667,-5.702913696836731e-10
REAL,SFH28,2019,5000,3099.447,30,4354.778,42.326,87.096,645.222,5674.939,2424.805,2280.096,144.71,2143.73,10,10288.667,-2.5555202398663823e-10
REAL,SFH29,2019,5000,1405.684,0,1840.735,17.891,36.815,3159.265,8447.932,0,0,0,1840.735,10,10288.667,0
REAL,SFH29,2019,5000,1405.684,5,3351.839,32.578,67.037,1648.161,6744.492,1656.88,1557.624,97.481,1840.735,10,10288.667,-2.873115079182753e-10
REAL,SFH29,2019,5000,1405.684,6,3527.826,34.288,70.557,1472.174,6551.012,1850.36,1738.705,108.88,1840.735,10,10288.667,-2.9596947115351213e-10
REAL,SFH29,2019,5000,1405.684,7,3657.287,35.547,73.146,1342.713,6408.475,1992.897,1871.829,117.293,1840.735,10,10288.667,-2.711031399371677e-10
REAL,SFH29,2019,5000,1405.684,8,3755.478,36.501,75.11,1244.522,6300.68,2100.692,1972.248,123.669,1840.735,10,10288.667,-4.328031266709331e-10
REAL,SFH29,2019,5000,1405.684,9,3830.457,37.23,76.609,1169.543,6217.916,2183.456,2049.103,128.578,1840.735,10,10288.667,-3.4147262795158895e-10
REAL,SFH29,2019,5000,1405.684,10,3913.778,38.04,78.276,1086.222,6126.877,2274.495,2133.749,133.972,1840.735,10,10288.667,-2.21956675261481e-10
REAL,SFH29,2019,5000,1405.684,11,3963.049,38.519,79.261,1036.951,6071.943,2329.429,2184.404,137.251,1840.735,10,10288.667,-6.143343611597629e-10
REAL,SFH29,2019,5000,1405.684,12,4005.608,38.932,80.112,994.392,6024.463,2376.909,2228.042,140.093,1840.735,10,10288.667,-3.247073721013294e-10
REAL,SFH29,2019,5000,1405.684,13,4040.059,39.267,80.801,959.941,5985.843,2415.529,2263.34,142.415,1840.735,10,10288.667,-1.9088730596195091e-10
REAL,SFH29,2019,5000,1405.684,14,4070.869,39.567,81.417,929.131,5951.197,2450.175,2294.896,144.505,1840.735,10,10288.667,-6.052847112414383e-10
REAL,SFH29,2019,5000,1405.684,15,4098.247,39.833,81.965,901.753,5920.267,2481.106,2322.955,146.377,1840.735,10,10288.667,-3.3669422805360227e-10
REAL,SFH29,2019,5000,1405.684,16,4135.372,40.193,82.707,864.628,5879.176,2522.196,2360.579,148.843,1840.735,10,10288.667,-1.815863015508512e-10
REAL,SFH29,2019,5000,1405.684,17,4155.464,40.389,83.109,844.536,5856.438,2544.934,2381.129,150.24,1840.735,10,10288.667,-6.121787521351507e-10
REAL,SFH29,2019,5000,1405.684,18,4172.565,40.555,83.451,827.435,5837.703,2563.669,2398.68,151.425,1840.735,10,10288.667,-3.291802386229392e-10
REAL,SFH29,2019,5000,1405.684,19,4188.313,40.708,83.766,811.687,5820.48,2580.892,2414.807,152.521,1840.735,10,10288.667,-1.8277113156273117e-10
REAL,SFH29,2019,5000,1405.684,20,4203.223,40.853,84.064,796.777,5804.251,2597.121,2429.997,153.559,1840.735,10,10288.667,-5.801439328934066e-10
REAL,SFH29,2019,5000,1405.684,21,4217.434,40.991,84.349,782.566,5788.71,2612.662,2444.541,154.556,1840.735,10,10288.667,-3.255973268778689e-10
REAL,SFH29,2019,5000,1405.684,22,4230.678,41.12,84.614,769.322,5774.183,2627.189,2458.129,155.495,1840.735,10,10288.667,-7.580833738529691e-10
REAL,SFH29,2019,5000,1405.684,23,4241.428,41.224,84.829,758.572,5762.427,2638.946,2469.108,156.273,1840.735,10,10288.667,-5.808526992723273e-10
REAL,SFH29,2019,5000,1405.684,24,4251.213,41.319,85.024,748.787,5751.738,2649.635,2479.081,156.988,1840.735,10,10288.667,-3.162927697530904e-10
REAL,SFH29,2019,5000,1405.684,25,4260.704,41.412,85.214,739.296,5741.346,2660.026,2488.775,157.686,1840.735,10,10288.667,-7.408456070834291e-10
REAL,SFH29,2019,5000,1405.684,26,4270.144,41.503,85.403,729.856,5730.966,2670.406,2498.458,158.383,1840.735,10,10288.667,-5.648175260830612e-10
REAL,SFH29,2019,5000,1405.684,27,4278.892,41.588,85.578,721.108,5721.364,2680.008,2507.409,159.034,1840.735,10,10288.667,-3.001527915102997e-10
REAL,SFH29,2019,5000,1405.684,28,4286.727,41.665,85.735,713.273,5712.725,2688.647,2515.454,159.628,1840.735,10,10288.667,-7.542375612956675e-10
REAL,SFH29,2019,5000,1405.684,29,4294.289,41.738,85.886,705.711,5704.396,2696.976,2523.207,160.204,1840.735,10,10288.667,-5.532001523533836e-10
REAL,SFH29,2019,5000,1405.684,30,4301.68,41.81,86.034,698.32,5696.219,2705.153,2530.817,160.771,1840.735,10,10288.667,-2.589057856994259e-10
REAL,SFH30,2019,5000,2015.262,0,2007.19,19.509,40.144,2992.81,8281.477,0,0,0,2007.19,11,10288.667,0
REAL,SFH30,2019,5000,2015.262,5,3409.336,33.137,68.187,1590.664,6690.797,1545.497,1454.476,91.021,2007.19,11,10288.667,-2.3347196398404435e-10
REAL,SFH30,2019,5000,2015.262,6,3567.26,34.672,71.345,1432.74,6518.66,1717.635,1616.432,101.202,2007.19,11,10288.667,-3.134518200553771e-10
REAL,SFH30,2019,5000,2015.262,7,3683.371,35.8,73.667,1316.629,6392.273,1844.022,1735.323,108.699,2007.19,11,10288.667,-3.694771155693388e-10
REAL,SFH30,2019,5000,2015.262,8,3772.903,36.67,75.458,1227.097,6295.215,1941.079,1826.603,114.476,2007.19,11,10288.667,-3.383912039467418e-10
REAL,SFH30,2019,5000,2015.262,9,3843.213,37.354,76.864,1156.787,6218.984,2017.31,1898.279,119.031,2007.19,11,10288.667,-3.487555799708275e-10
REAL,SFH30,2019,5000,2015.262,10,3923.332,38.133,78.467,1076.668,6132.413,2103.882,1979.688,124.194,2007.19,11,10288.667,-3.2750313572194045e-10
REAL,SFH30,2019,5000,2015.262,11,3973.767,38.623,79.475,1026.233,6077.895,2158.399,2030.924,127.475,2007.19,11,10288.667,-6.135232322179718e-10
REAL,SFH30,2019,5000,2015.262,12,4015.808,39.031,80.316,984.192,6032.438,2203.857,2073.632,130.225,2007.19,11,10288.667,-3.3726976766956795e-10
REAL,SFH30,2019,5000,2015.262,13,4050.546,39.369,81.011,949.454,5993.855,2242.44,2109.009,132.546,2007.19,11,10288.667,-3.023997718898386e-10
REAL,SFH30,2019,5000,2015.262,14,4079.63,39.652,81.593,920.37,5962.166,2274.129,2138.621,134.485,2007.19,11,10288.667,-6.104650118743393e-10
REAL,SFH30,2019,5000,2015.262,15,4104.726,39.896,82.095,895.274,5934.992,2301.302,2164.116,136.163,2007.19,11,10288.667,-3.425666417200546e-10
REAL,SFH30,2019,5000,2015.262,16,4133.529,40.176,82.671,866.471,5903.552,2332.743,2193.388,138.084,2007.19,11,10288.667,-2.7983015904453623e-10
REAL,SFH30,2019,5000,2015.262,17,4155.223,40.386,83.104,844.777,5880.037,2356.257,2215.44,139.547,2007.19,11,10288.667,-6.248384032403465e-10
REAL,SFH30,2019,5000,2015.262,18,4173.892,40.568,83.478,826.108,5859.692,2376.603,2234.509,140.823,2007.19,11,10288.667,-3.518081381770344e-10
REAL,SFH30,2019,5000,2015.262,19,4188.351,40.708,83.767,811.649,5843.862,2392.433,2249.328,141.834,2007.19,11,10288.667,-2.7019519954762927e-10
REAL,SFH30,2019,5000,2015.262,20,4201.045,40.832,84.021,798.955,5829.919,2406.375,2262.37,142.734,2007.19,11,10288.667,-6.162423904498837e-10
REAL,SFH30,2019,5000,2015.262,21,4211.927,40.938,84.239,788.073,5817.916,2418.378,2273.586,143.521,2007.19,11,10288.667,-3.364557521479128e-10
REAL,SFH30,2019,5000,2015.262,22,4221.45,41.03,84.429,778.55,5807.534,2428.761,2283.277,144.213,2007.19,11,10288.667,-7.048495120898224e-10
REAL,SFH30,2019,5000,2015.262,23,4230.021,41.113,84.6,769.979,5798.156,2438.138,2292.021,144.847,2007.19,11,10288.667,-5.997644603183971e-10
REAL,SFH30,2019,5000,2015.262,24,4237.563,41.187,84.751,762.437,5789.829,2446.466,2299.775,145.42,2007.19,11,10288.667,-3.2656832793520607e-10
REAL,SFH30,2019,5000,2015.262,25,4245.122,41.26,84.902,754.878,5781.502,2454.793,2307.529,145.993,2007.19,11,10288.667,-6.994635981527608e-10
REAL,SFH30,2019,5000,2015.262,26,4252.272,41.33,85.045,747.728,5773.62,2462.674,2314.863,146.54,2007.19,11,10288.667,-5.952558446153944e-10
REAL,SFH30,2019,5000,2015.262,27,4258.215,41.387,85.164,741.785,5767.079,2469.216,2320.937,147.008,2007.19,11,10288.667,-2.9264501932857456e-10
REAL,SFH30,2019,5000,2015.262,28,4263.893,41.443,85.278,736.107,5760.814,2475.481,2326.75,147.459,2007.19,11,10288.667,-7.10273617698931e-10
REAL,SFH30,2019,5000,2015.262,29,4269.613,41.498,85.392,730.387,5754.549,2481.746,2332.564,147.911,2007.19,11,10288.667,-5.681408676849742e-10
REAL,SFH30,2019,5000,2015.262,30,4275.332,41.554,85.507,724.668,5748.284,2488.01,2338.377,148.363,2007.19,11,10288.667,-2.658921971487871e-10
REAL,SFH32,2019,5000,2693.323,0,2131.213,20.714,42.624,2868.787,8157.454,0,0,0,2131.213,10,10288.667,0
REAL,SFH32,2019,5000,2693.323,5,3557.653,34.578,71.153,1442.347,6547.415,1564.263,1472.163,92.1,2131.213,10,10288.667,-2.3426505180168533e-10
REAL,SFH32,2019,5000,2693.323,6,3697.222,35.935,73.944,1302.778,6394.601,1717.077,1615.935,101.142,2131.213,10,10288.667,-2.8190072498546215e-10
REAL,SFH32,2019,5000,2693.323,7,3800.627,36.94,76.013,1199.373,6281.071,1830.607,1722.726,107.882,2131.213,10,10288.667,-3.2007130279509965e-10
REAL,SFH32,2019,5000,2693.323,8,3879.544,37.707,77.591,1120.456,6193.818,1917.86,1804.778,113.082,2131.213,10,10288.667,-3.2534358540559083e-10
REAL,SFH32,2019,5000,2693.323,9,3942.207,38.316,78.844,1057.793,6124.738,1986.94,1869.7,117.216,2131.213,10,10288.667,-3.312820746892431e-10
REAL,SFH32,2019,5000,2693.323,10,4004.649,38.923,80.093,995.351,6056.302,2055.377,1933.934,121.313,2131.213,10,10288.667,-3.028903239332692e-10
REAL,SFH32,2019,5000,2693.323,11,4047.51,39.339,80.95,952.49,6008.995,2102.684,1978.38,124.173,2131.213,10,10288.667,-6.010199282702189e-10
REAL,SFH32,2019,5000,2693.323,12,4083.319,39.688,81.666,916.681,5969.782,2141.896,2015.206,126.559,2131.213,10,10288.667,-3.222992706053418e-10
REAL,SFH32,2019,5000,2693.323,13,4112.686,39.973,82.254,887.314,5937.313,2174.365,2045.307,128.537,2131.213,10,10288.667,-2.821984868006666e-10
REAL,SFH32,2019,5000,2693.323,14,4137.567,40.215,82.751,862.433,5909.698,2201.98,2070.68,130.226,2131.213,10,10288.667,-5.994191809577387e-10
REAL,SFH32,2019,5000,2693.323,15,4160.329,40.436,83.207,839.671,5884.951,2226.727,2093.89,131.763,2131.213,10,10288.667,-3.1634739272590195e-10
REAL,SFH32,2019,5000,2693.323,16,4183.487,40.661,83.67,816.513,5859.856,2251.823,2117.518,133.323,2131.213,10,10288.667,-2.3509516555719756e-10
REAL,SFH32,2019,5000,2693.323,17,4202.217,40.843,84.044,797.783,5839.433,2272.245,2136.658,134.606,2131.213,10,10288.667,-6.053515466675208e-10
REAL,SFH32,2019,5000,2693.323,18,4219.474,41.011,84.389,780.526,5820.509,2291.169,2154.387,135.8,2131.213,10,10288.667,-3.285801630781293e-10
REAL,SFH32,2019,5000,2693.323,19,4236.125,41.173,84.723,763.875,5802.252,2309.426,2171.488,136.956,2131.213,10,10288.667,-2.336805193792202e-10
REAL,SFH32,2019,5000,2693.323,20,4251.128,41.319,85.023,748.872,5785.783,2325.895,2186.907,138.006,2131.213,10,10288.667,-5.964805316338584e-10
REAL,SFH32,2019,5000,2693.323,21,4263.608,41.44,85.272,736.392,5772.017,2339.661,2199.781,138.899,2131.213,10,10288.667,-3.0977276299637424e-10
REAL,SFH32,2019,5000,2693.323,22,4275.097,41.552,85.502,724.903,5759.318,2352.36,2211.649,139.73,2131.213,10,10288.667,-6.981532019167958e-10
REAL,SFH32,2019,5000,2693.323,23,4285.934,41.657,85.719,714.066,5747.353,2364.326,2222.827,140.517,2131.213,10,10288.667,-5.794128510316909e-10
REAL,SFH32,2019,5000,2693.323,24,4294.019,41.735,85.88,705.981,5738.446,2373.232,2231.126,141.125,2131.213,10,10288.667,-3.1021263335873073e-10
REAL,SFH32,2019,5000,2693.323,25,4300.671,41.8,86.013,699.329,5731.147,2380.531,2237.912,141.638,2131.213,10,10288.667,-6.980092059905019e-10
REAL,SFH32,2019,5000,2693.323,26,4307.347,41.865,86.147,692.653,5723.848,2387.831,2244.697,142.153,2131.213,10,10288.667,-5.850385731420715e-10
REAL,SFH32,2019,5000,2693.323,27,4313.973,41.929,86.279,686.027,5716.565,2395.113,2251.465,142.666,2131.213,10,10288.667,-2.853706160266256e-10
REAL,SFH32,2019,5000,2693.323,28,4319.582,41.984,86.392,680.418,5710.314,2401.364,2257.265,143.117,2131.213,10,10288.667,-7.052136652418994e-10
REAL,SFH32,2019,5000,2693.323,29,4324.214,42.029,86.484,675.786,5705.077,2406.601,2262.111,143.508,2131.213,10,10288.667,-5.594903429440024e-10
REAL,SFH32,2019,5000,2693.323,30,4328.932,42.075,86.579,671.068,5699.841,2411.838,2266.957,143.899,2131.213,10,10288.667,-2.5440871631587925e-10
REAL,SFH34,2019,5000,3188.201,0,1617.855,15.725,32.357,3382.145,8670.812,0,0,0,1617.855,6,10288.667,0
REAL,SFH34,2019,5000,3188.201,5,2714.08,26.379,54.282,2285.92,7388.34,1233.494,1158.651,72.696,1617.855,6,10288.667,-1.9092283309873892e-10
REAL,SFH34,2019,5000,3188.201,6,2771.228,26.935,55.425,2228.772,7323.969,1297.865,1218.181,76.537,1617.855,6,10288.667,-3.150573135712875e-10
REAL,SFH34,2019,5000,3188.201,7,2806.616,27.279,56.132,2193.384,7283.948,1337.886,1254.789,78.951,1617.855,6,10288.667,-4.871782977033945e-10
REAL,SFH34,2019,5000,3188.201,8,2833.057,27.536,56.661,2166.943,7253.702,1368.132,1282.195,80.791,1617.855,6,10288.667,-2.0224089070097762e-10
REAL,SFH34,2019,5000,3188.201,9,2856.237,27.761,57.125,2143.763,7226.953,1394.881,1306.308,82.427,1617.855,6,10288.667,-3.163682649187649e-10
REAL,SFH34,2019,5000,3188.201,10,2875.562,27.949,57.511,2124.438,7204.208,1417.626,1326.651,83.829,1617.855,6,10288.667,-4.763194283441408e-10
REAL,SFH34,2019,5000,3188.201,11,2890.59,28.095,57.812,2109.41,7186.539,1435.295,1342.215,84.934,1617.855,6,10288.667,-6.264411211986953e-10
REAL,SFH34,2019,5000,3188.201,12,2901.723,28.203,58.034,2098.277,7173.07,1448.763,1353.824,85.793,1617.855,6,10288.667,-2.8559021814089647e-10
REAL,SFH34,2019,5000,3188.201,13,2911.928,28.302,58.239,2088.072,7160.605,1461.228,1364.488,86.595,1617.855,6,10288.667,-4.482956228457624e-10
REAL,SFH34,2019,5000,3188.201,14,2922.131,28.401,58.443,2077.869,7148.141,1473.693,1375.151,87.396,1617.855,6,10288.667,-6.173976885293087e-10
REAL,SFH34,2019,5000,3188.201,15,2931.686,28.494,58.634,2068.314,7136.488,1485.345,1385.051,88.149,1617.855,6,10288.667,-2.82090795167278e-10
REAL,SFH34,2019,5000,3188.201,16,2940.989,28.585,58.82,2059.011,7125.054,1496.78,1394.744,88.89,1617.855,6,10288.667,-4.3739944999288127e-10
REAL,SFH34,2019,5000,3188.201,17,2949.463,28.667,58.989,2050.537,7114.608,1507.225,1403.506,89.574,1617.855,6,10288.667,-6.217728554247515e-10
REAL,SFH34,2019,5000,3188.201,18,2956.555,28.736,59.131,2043.445,7105.654,1516.18,1410.865,90.17,1617.855,6,10288.667,-3.154596583954117e-10
REAL,SFH34,2019,5000,3188.201,19,2962.394,28.793,59.248,2037.606,7098.011,1523.822,1416.99,90.688,1617.855,6,10288.667,-4.410090070905426e-10
REAL,SFH34,2019,5000,3188.201,20,2967.951,28.847,59.359,2032.049,7090.697,1531.137,1422.805,91.187,1617.855,6,10288.667,-6.04337913046038e-10
REAL,SFH34,2019,5000,3188.201,21,2973.503,28.901,59.47,2026.497,7083.383,1538.451,1428.619,91.687,1617.855,6,10288.667,-2.843663082785497e-10
REAL,SFH34,2019,5000,3188.201,22,2979.033,28.955,59.581,2020.967,7076.1,1545.734,1434.405,92.185,1617.855,6,10288.667,-4.589502111684851e-10
REAL,SFH34,2019,5000,3188.201,23,2983.621,28.999,59.672,2016.379,7069.812,1552.022,1439.254,92.623,1617.855,6,10288.667,-5.86172888006331e-10
REAL,SFH34,2019,5000,3188.201,24,2988.228,29.044,59.765,2011.772,7063.531,1558.303,1444.099,93.06,1617.855,6,10288.667,-2.7468161079013953e-10
REAL,SFH34,2019,5000,3188.201,25,2991.869,29.079,59.837,2008.131,7058.385,1563.449,1447.87,93.434,1617.855,6,10288.667,-4.3941739136243996e-10
REAL,SFH34,2019,5000,3188.201,26,2994.721,29.107,59.894,2005.279,7054.156,1567.678,1450.778,93.755,1617.855,6,10288.667,-5.778666434252955e-10
REAL,SFH34,2019,5000,3188.201,27,2997.526,29.134,59.951,2002.474,7049.945,1571.889,1453.67,94.076,1617.855,6,10288.667,-2.3140245275499183e-10
REAL,SFH34,2019,5000,3188.201,28,2999.44,29.153,59.989,2000.56,7046.715,1575.119,1455.638,94.337,1617.855,6,10288.667,-4.381419671517506e-10
REAL,SFH34,2019,5000,3188.201,29,3001.322,29.171,60.026,1998.678,7043.517,1578.317,1457.575,94.598,1617.855,6,10288.667,-5.816893633436848e-10
REAL,SFH34,2019,5000,3188.201,30,3003.199,29.189,60.064,1996.801,7040.318,1581.515,1459.513,94.859,1617.855,6,10288.667,-1.943369909440662e-10
REAL,SFH35,2019,5000,4455.906,0,2248.351,21.853,44.967,2751.649,8040.315,0,0,0,2248.351,10,10288.667,0
REAL,SFH35,2019,5000,4455.906,5,3652.865,35.504,73.057,1347.135,6451.548,1543.51,1452.62,90.89,2248.351,10,10288.667,-2.345327820840737e-10
REAL,SFH35,2019,5000,4455.906,6,3803.907,36.972,76.078,1196.093,6285.911,1709.147,1608.263,100.679,2248.351,10,10288.667,-2.9575475402054963e-10
REAL,SFH35,2019,5000,4455.906,7,3909.951,38.003,78.199,1090.049,6168.533,1826.525,1717.705,107.615,2248.351,10,10288.667,-3.2308733466379636e-10
REAL,SFH35,2019,5000,4455.906,8,3987.295,38.754,79.746,1012.705,6083.262,1911.796,1797.208,112.676,2248.351,10,10288.667,-3.650026947354945e-10
REAL,SFH35,2019,5000,4455.906,9,4048.709,39.351,80.974,951.291,6015.864,1979.194,1860.571,116.71,2248.351,10,10288.667,-3.384705848930025e-10
REAL,SFH35,2019,5000,4455.906,10,4106.562,39.913,82.131,893.438,5952.76,2042.298,1919.89,120.495,2248.351,10,10288.667,-2.8751068192889306e-10
REAL,SFH35,2019,5000,4455.906,11,4154.417,40.379,83.088,845.583,5900.617,2094.441,1968.892,123.637,2248.351,10,10288.667,-6.077178760222068e-10
REAL,SFH35,2019,5000,4455.906,12,4192.549,40.749,83.851,807.451,5859.181,2135.877,2007.812,126.153,2248.351,10,10288.667,-3.3297120616282427e-10
REAL,SFH35,2019,5000,4455.906,13,4224.25,41.057,84.485,775.75,5823.715,2171.342,2040.21,128.291,2248.351,10,10288.667,-2.329287873692465e-10
REAL,SFH35,2019,5000,4455.906,14,4250.196,41.309,85.004,749.804,5794.315,2200.743,2066.83,130.072,2248.351,10,10288.667,-5.986264817181564e-10
REAL,SFH35,2019,5000,4455.906,15,4273.881,41.54,85.478,726.119,5768.305,2226.753,2091.074,131.679,2248.351,10,10288.667,-3.290843153536116e-10
REAL,SFH35,2019,5000,4455.906,16,4297.771,41.772,85.955,702.229,5741.74,2253.318,2115.527,133.31,2248.351,10,10288.667,-2.105764451698633e-10
REAL,SFH35,2019,5000,4455.906,17,4318.716,41.975,86.374,681.284,5718.796,2276.262,2137.038,134.742,2248.351,10,10288.667,-6.026219523391774e-10
REAL,SFH35,2019,5000,4455.906,18,4336.075,42.144,86.722,663.925,5699.638,2295.42,2154.986,135.952,2248.351,10,10288.667,-3.3778313479615463e-10
REAL,SFH35,2019,5000,4455.906,19,4350.68,42.286,87.014,649.32,5683.606,2311.452,2169.992,136.978,2248.351,10,10288.667,-2.1240431635760615e-10
REAL,SFH35,2019,5000,4455.906,20,4364.815,42.424,87.296,635.185,5668.066,2326.992,2184.535,137.975,2248.351,10,10288.667,-5.916103162917352e-10
REAL,SFH35,2019,5000,4455.906,21,4378.877,42.56,87.578,621.123,5652.55,2342.508,2199.055,138.971,2248.351,10,10288.667,-3.2315838893737237e-10
REAL,SFH35,2019,5000,4455.906,22,4391.79,42.686,87.836,608.21,5638.34,2356.718,2212.346,139.89,2248.351,10,10288.667,-7.376090849220418e-10
REAL,SFH35,2019,5000,4455.906,23,4402.539,42.79,88.051,597.461,5626.461,2368.597,2223.445,140.671,2248.351,10,10288.667,-5.820401938194664e-10
REAL,SFH35,2019,5000,4455.906,24,4412.782,42.89,88.256,587.218,5615.045,2380.013,2234.108,141.424,2248.351,10,10288.667,-3.2233238300705125e-10
REAL,SFH35,2019,5000,4455.906,25,4422.438,42.984,88.449,577.562,5604.256,2390.802,2244.18,142.141,2248.351,10,10288.667,-7.346914188133269e-10
REAL,SFH35,2019,5000,4455.906,26,4430.727,43.064,88.615,569.273,5595.061,2399.997,2252.75,142.766,2248.351,10,10288.667,-5.954552406706171e-10
REAL,SFH35,2019,5000,4455.906,27,4437.648,43.131,88.753,562.352,5587.378,2407.68,2259.898,143.301,2248.351,10,10288.667,-2.9605740081706244e-10
REAL,SFH35,2019,5000,4455.906,28,4443.369,43.187,88.867,556.631,5581.105,2413.953,2265.718,143.754,2248.351,10,10288.667,-7.440617011411632e-10
REAL,SFH35,2019,5000,4455.906,29,4448.221,43.234,88.964,551.779,5575.752,2419.306,2270.673,144.152,2248.351,10,10288.667,-5.650893086794895e-10
REAL,SFH35,2019,5000,4455.906,30,4452.945,43.28,89.059,547.055,5570.536,2424.522,2275.498,144.542,2248.351,10,10288.667,-2.730384807136943e-10
REAL,SFH36,2019,5000,2697.343,0,2355.62,22.895,47.112,2644.38,7933.046,0,0,0,2355.62,10,10288.667,0
REAL,SFH36,2019,5000,2697.343,5,3693.655,35.9,73.873,1306.345,6415.716,1473.627,1386.843,86.783,2355.62,10,10288.667,-2.189655123885359e-10
REAL,SFH36,2019,5000,2697.343,6,3818.872,37.117,76.377,1181.128,6278.097,1611.246,1516.31,94.936,2355.62,10,10288.667,-2.881331839788004e-10
REAL,SFH36,2019,5000,2697.343,7,3906.936,37.973,78.139,1093.064,6180.949,1708.394,1607.679,100.715,2355.62,10,10288.667,-3.6003999781542007e-10
REAL,SFH36,2019,5000,2697.343,8,3975.099,38.636,79.502,1024.901,6105.862,1783.481,1678.28,105.201,2355.62,10,10288.667,-3.0180813404001583e-10
REAL,SFH36,2019,5000,2697.343,9,4032.26,39.191,80.645,967.74,6043.37,1845.973,1737.022,108.95,2355.62,10,10288.667,-3.295039796569199e-10
REAL,SFH36,2019,5000,2697.343,10,4088.345,39.736,81.767,911.655,5982.05,1907.293,1794.659,112.634,2355.62,10,10288.667,-3.2266556093674126e-10
REAL,SFH36,2019,5000,2697.343,11,4126.949,40.112,82.539,873.051,5939.986,1949.357,1834.156,115.186,2355.62,10,10288.667,-6.176366865867644e-10
REAL,SFH36,2019,5000,2697.343,12,4158.476,40.418,83.17,841.524,5904.569,1984.773,1866.439,117.32,2355.62,10,10288.667,-3.1955149637497016e-10
REAL,SFH36,2019,5000,2697.343,13,4186.262,40.688,83.725,813.738,5873.211,2016.132,1894.902,119.216,2355.62,10,10288.667,-2.965618861594521e-10
REAL,SFH36,2019,5000,2697.343,14,4210.925,40.928,84.219,789.075,5845.803,2043.54,1920.194,120.896,2355.62,10,10288.667,-6.097082838607548e-10
REAL,SFH36,2019,5000,2697.343,15,4233.526,41.147,84.671,766.474,5821.124,2068.219,1943.34,122.428,2355.62,10,10288.667,-3.227054179433253e-10
REAL,SFH36,2019,5000,2697.343,16,4255.572,41.362,85.111,744.428,5796.884,2092.459,1965.878,123.929,2355.62,10,10288.667,-2.159867840134666e-10
REAL,SFH36,2019,5000,2697.343,17,4274.061,41.541,85.481,725.939,5776.649,2112.694,1984.842,125.199,2355.62,10,10288.667,-6.145697284409835e-10
REAL,SFH36,2019,5000,2697.343,18,4289.119,41.688,85.782,710.881,5760.056,2129.287,2000.377,126.258,2355.62,10,10288.667,-3.327267350528018e-10
REAL,SFH36,2019,5000,2697.343,19,4302.66,41.819,86.053,697.34,5745.148,2144.195,2014.326,127.217,2355.62,10,10288.667,-2.1572965636096342e-10
REAL,SFH36,2019,5000,2697.343,20,4314.419,41.934,86.288,685.581,5732.237,2157.106,2026.394,128.06,2355.62,10,10288.667,-6.099583060859004e-10
REAL,SFH36,2019,5000,2697.343,21,4323.431,42.021,86.469,676.569,5722.319,2167.024,2035.644,128.727,2355.62,10,10288.667,-3.1475222428412053e-10
REAL,SFH36,2019,5000,2697.343,22,4331.785,42.102,86.636,668.215,5713.122,2176.221,2044.215,129.353,2355.62,10,10288.667,-7.270775093104476e-10
REAL,SFH36,2019,5000,2697.343,23,4339.315,42.176,86.786,660.685,5704.802,2184.541,2051.962,129.927,2355.62,10,10288.667,-5.981561912449251e-10
REAL,SFH36,2019,5000,2697.343,24,4346.124,42.242,86.922,653.876,5697.258,2192.085,2058.979,130.455,2355.62,10,10288.667,-3.0547120388746407e-10
REAL,SFH36,2019,5000,2697.343,25,4351.644,42.296,87.033,648.356,5691.162,2198.181,2064.633,130.896,2355.62,10,10288.667,-7.22858661816872e-10
REAL,SFH36,2019,5000,2697.343,26,4356.37,42.341,87.127,643.63,5685.925,2203.418,2069.48,131.287,2355.62,10,10288.667,-5.913487477471335e-10
REAL,SFH36,2019,5000,2697.343,27,4361.022,42.387,87.22,638.978,5680.708,2208.635,2074.307,131.676,2355.62,10,10288.667,-2.712927660297737e-10
REAL,SFH36,2019,5000,2697.343,28,4365.077,42.426,87.302,634.923,5676.149,2213.194,2078.516,132.026,2355.62,10,10288.667,-7.299316706621539e-10
REAL,SFH36,2019,5000,2697.343,29,4368.812,42.462,87.376,631.188,5671.943,2217.4,2082.394,132.354,2355.62,10,10288.667,-5.655524937253631e-10
REAL,SFH36,2019,5000,2697.343,30,4372.569,42.499,87.451,627.431,5667.737,2221.606,2086.271,132.683,2355.62,10,10288.667,-2.411617572306568e-10
REAL,SFH38,2019,5000,3680.327,0,1901.879,18.485,38.038,3098.121,8386.788,0,0,0,1901.879,11,10288.667,0
REAL,SFH38,2019,5000,3680.327,5,3408.579,33.129,68.172,1591.421,6697.421,1644.044,1547.287,96.756,1901.879,11,10288.667,-2.4504631657151776e-10
REAL,SFH38,2019,5000,3680.327,6,3615.136,35.137,72.303,1384.864,6470.857,1870.607,1760.364,110.118,1901.879,11,10288.667,-2.706844748345816e-10
REAL,SFH38,2019,5000,3680.327,7,3766.703,36.61,75.334,1233.297,6303.561,2037.903,1916.8,119.978,1901.879,11,10288.667,-2.6274649123081417e-10
REAL,SFH38,2019,5000,3680.327,8,3881.569,37.727,77.631,1118.431,6176.581,2164.883,2035.436,127.481,1901.879,11,10288.667,-3.9022229891827465e-10
REAL,SFH38,2019,5000,3680.327,9,3966.115,38.548,79.322,1033.885,6083.832,2257.633,2122.664,133.002,1901.879,11,10288.667,-3.292315309266769e-10
REAL,SFH38,2019,5000,3680.327,10,4037.052,39.238,80.741,962.948,6005.996,2335.469,2195.85,137.652,1901.879,11,10288.667,-2.227842355040366e-10
REAL,SFH38,2019,5000,3680.327,11,4089.932,39.752,81.799,910.068,5948.002,2393.462,2250.299,141.136,1901.879,11,10288.667,-5.949969406060518e-10
REAL,SFH38,2019,5000,3680.327,12,4130.459,40.146,82.609,869.541,5902.648,2438.817,2291.938,143.852,1901.879,11,10288.667,-3.3260727505535215e-10
REAL,SFH38,2019,5000,3680.327,13,4166.042,40.492,83.321,833.958,5862.612,2478.853,2328.569,146.257,1901.879,11,10288.667,-2.1539570127515617e-10
REAL,SFH38,2019,5000,3680.327,14,4193.754,40.761,83.875,806.246,5831.253,2510.211,2357.14,148.155,1901.879,11,10288.667,-5.963283200571823e-10
REAL,SFH38,2019,5000,3680.327,15,4216.225,40.979,84.325,783.775,5806.65,2534.815,2380.215,149.684,1901.879,11,10288.667,-3.4577496421661635e-10
REAL,SFH38,2019,5000,3680.327,16,4235.172,41.163,84.703,764.828,5785.593,2555.872,2399.665,150.997,1901.879,11,10288.667,-2.0069368389386e-10
REAL,SFH38,2019,5000,3680.327,17,4253.239,41.339,85.065,746.761,5765.928,2575.537,2418.09,152.236,1901.879,11,10288.667,-5.920774981404975e-10
REAL,SFH38,2019,5000,3680.327,18,4270.488,41.507,85.41,729.512,5747.101,2594.364,2435.727,153.426,1901.879,11,10288.667,-3.340527854334141e-10
REAL,SFH38,2019,5000,3680.327,19,4287.465,41.672,85.749,712.535,5728.477,2612.988,2453.174,154.604,1901.879,11,10288.667,-2.0486545793119149e-10
REAL,SFH38,2019,5000,3680.327,20,4303.52,41.828,86.07,696.48,5710.901,2630.564,2469.633,155.72,1901.879,11,10288.667,-5.697806670923455e-10
REAL,SFH38,2019,5000,3680.327,21,4318.03,41.969,86.361,681.97,5694.982,2646.483,2484.533,156.739,1901.879,11,10288.667,-3.2999913912590273e-10
REAL,SFH38,2019,5000,3680.327,22,4328.827,42.074,86.577,671.173,5683.127,2658.338,2495.608,157.52,1901.879,11,10288.667,-7.234906007624886e-10
REAL,SFH38,2019,5000,3680.327,23,4337.331,42.156,86.747,662.669,5673.767,2667.698,2504.333,158.154,1901.879,11,10288.667,-5.679599013319603e-10
REAL,SFH38,2019,5000,3680.327,24,4345.087,42.232,86.902,654.913,5665.17,2676.294,2512.34,158.744,1901.879,11,10288.667,-3.11362491345335e-10
REAL,SFH38,2019,5000,3680.327,25,4351.828,42.297,87.037,648.172,5657.713,2683.752,2519.275,159.266,1901.879,11,10288.667,-7.077627373064388e-10
REAL,SFH38,2019,5000,3680.327,26,4357.7,42.354,87.154,642.3,5651.232,2690.233,2525.291,159.731,1901.879,11,10288.667,-5.570885974748307e-10
REAL,SFH38,2019,5000,3680.327,27,4362.708,42.403,87.254,637.292,5645.662,2695.803,2530.45,160.142,1901.879,11,10288.667,-2.9525359934723383e-10
REAL,SFH38,2019,5000,3680.327,28,4366.535,42.44,87.331,633.465,5641.415,2700.05,2534.366,160.474,1901.879,11,10288.667,-7.323794903868475e-10
REAL,SFH38,2019,5000,3680.327,29,4370.327,42.477,87.407,629.673,5637.208,2704.257,2538.244,160.803,1901.879,11,10288.667,-5.469011910008703e-10
REAL,SFH38,2019,5000,3680.327,30,4374.144,42.514,87.483,625.856,5633.001,2708.464,2542.121,161.132,1901.879,11,10288.667,-2.5009505577600066e-10
REAL,SFH39,2019,5000,2508.167,0,1969.609,19.143,39.392,3030.391,8319.058,0,0,0,1969.609,10,10288.667,0
REAL,SFH39,2019,5000,2508.167,5,3511.65,34.131,70.233,1488.35,6587.34,1685.579,1586.37,99.209,1969.609,10,10288.667,-2.731441184344874e-10
REAL,SFH39,2019,5000,2508.167,6,3738.141,36.333,74.763,1261.859,6338.962,1933.957,1819.986,113.855,1969.609,10,10288.667,-2.798198339704072e-10
REAL,SFH39,2019,5000,2508.167,7,3897.934,37.886,77.959,1102.066,6162.911,2110.008,1984.66,124.231,1969.609,10,10288.667,-2.660112130570269e-10
REAL,SFH39,2019,5000,2508.167,8,4013.773,39.012,80.275,986.227,6035.113,2237.807,2103.911,131.78,1969.609,10,10288.667,-4.158775546159177e-10
REAL,SFH39,2019,5000,2508.167,9,4099.683,39.847,81.994,900.317,5940.213,2332.706,2192.189,137.401,1969.609,10,10288.667,-3.400262293951073e-10
REAL,SFH39,2019,5000,2508.167,10,4172.514,40.554,83.45,827.486,5860.115,2412.804,2266.845,142.167,1969.609,10,10288.667,-2.5528779090677745e-10
REAL,SFH39,2019,5000,2508.167,11,4221.126,41.027,84.423,778.874,5805.996,2466.923,2316.732,145.398,1969.609,10,10288.667,-6.050768774912285e-10
REAL,SFH39,2019,5000,2508.167,12,4259.158,41.397,85.183,740.842,5763.487,2509.433,2355.69,147.949,1969.609,10,10288.667,-3.466560372089589e-10
REAL,SFH39,2019,5000,2508.167,13,4289.136,41.688,85.783,710.864,5729.628,2543.292,2386.506,149.993,1969.609,10,10288.667,-2.3930191161980474e-10
REAL,SFH39,2019,5000,2508.167,14,4313.013,41.92,86.26,686.987,5702.488,2570.432,2410.998,151.642,1969.609,10,10288.667,-5.922462520402405e-10
REAL,SFH39,2019,5000,2508.167,15,4333.767,42.122,86.675,666.233,5678.713,2594.207,2432.322,153.092,1969.609,10,10288.667,-3.679154758629011e-10
REAL,SFH39,2019,5000,2508.167,16,4353.166,42.31,87.063,646.834,5656.458,2616.461,2452.213,154.456,1969.609,10,10288.667,-2.4586555014138867e-10
REAL,SFH39,2019,5000,2508.167,17,4368.839,42.463,87.377,631.161,5638.267,2634.652,2468.278,155.582,1969.609,10,10288.667,-6.091518400808127e-10
REAL,SFH39,2019,5000,2508.167,18,4383.08,42.601,87.662,616.92,5621.717,2651.202,2482.805,156.612,1969.609,10,10288.667,-3.5622349514596863e-10
REAL,SFH39,2019,5000,2508.167,19,4396.421,42.731,87.928,603.579,5606.724,2666.196,2496.505,157.569,1969.609,10,10288.667,-2.4659385644554277e-10
REAL,SFH39,2019,5000,2508.167,20,4408.683,42.85,88.174,591.317,5593.274,2679.645,2509.078,158.446,1969.609,10,10288.667,-5.854676743410892e-10
REAL,SFH39,2019,5000,2508.167,21,4419.715,42.957,88.394,580.285,5581.177,2691.742,2520.378,159.243,1969.609,10,10288.667,-3.6135716641183535e-10
REAL,SFH39,2019,5000,2508.167,22,4430.085,43.058,88.602,569.915,5569.78,2703.14,2531.02,159.999,1969.609,10,10288.667,-7.221103714982746e-10
REAL,SFH39,2019,5000,2508.167,23,4439.627,43.151,88.793,560.373,5559.303,2713.616,2540.795,160.7,1969.609,10,10288.667,-5.84037707085372e-10
REAL,SFH39,2019,5000,2508.167,24,4448.76,43.239,88.975,551.24,5549.299,2723.62,2550.126,161.374,1969.609,10,10288.667,-3.3647395980551664e-10
REAL,SFH39,2019,5000,2508.167,25,4457.273,43.322,89.145,542.727,5539.94,2732.98,2558.849,162.009,1969.609,10,10288.667,-6.96557478363502e-10
REAL,SFH39,2019,5000,2508.167,26,4465.737,43.404,89.315,534.263,5530.625,2742.294,2567.531,162.642,1969.609,10,10288.667,-5.759233090429916e-10
REAL,SFH39,2019,5000,2508.167,27,4473.045,43.475,89.461,526.955,5522.56,2750.359,2575.038,163.201,1969.609,10,10288.667,-3.175806284616556e-10
REAL,SFH39,2019,5000,2508.167,28,4479.668,43.54,89.593,520.332,5515.263,2757.656,2581.822,163.713,1969.609,10,10288.667,-7.116298661458131e-10
REAL,SFH39,2019,5000,2508.167,29,4486.305,43.604,89.726,513.695,5507.967,2764.952,2588.606,164.226,1969.609,10,10288.667,-5.638067790414425e-10
REAL,SFH39,2019,5000,2508.167,30,4492.928,43.669,89.859,507.072,5500.671,2772.248,2595.389,164.738,1969.609,10,10288.667,-2.807034604757064e-10
